"","boot","coef_lag0","coef_lag1","coef_lag2"
"1",1,-0.554466620807592,-0.751187568379265,-0.635736863639319
"2",2,-0.471548474090718,-0.641894092738322,-0.734443032740622
"3",3,-0.909850891075685,-0.946908761227164,-1.00619947793103
"4",4,-0.764098160006053,-0.781764377608441,-0.996620357570274
"5",5,-0.66222772179238,-0.783948741977363,-0.861132403714575
"6",6,-1.1519313875211,-1.19131442485561,-1.18730158951901
"7",7,-0.889797016683922,-0.979302926971049,-1.0575605931452
"8",8,-0.665884537650645,-0.623379025133299,-0.813442194866271
"9",9,-1.68979045311362,-1.91793222977281,-1.94964910566167
"10",10,-0.355507265285607,-0.462837514502448,-0.589906929406984
"11",11,-0.315670891399763,-0.339244074490132,-0.569272246122835
"12",12,-0.830198933543517,-0.862915102945776,-0.935496661436195
"13",13,-0.603845061958263,-0.726387431137186,-0.767182920982166
"14",14,-0.595450217506823,-0.834928688356402,-1.03469149267321
"15",15,-0.67311711811813,-0.767033643635792,-0.890412598392552
"16",16,-0.821348205894937,-0.987087194576134,-1.00381421773294
"17",17,-0.648013997871411,-0.674578498661804,-0.743435280362297
"18",18,-0.805761359034689,-1.0324806302131,-0.944386251150549
"19",19,-0.62975520915568,-0.81864671801358,-0.761804391883733
"20",20,-0.707303961381816,-0.763443621040079,-0.982222312600828
"21",21,-0.353570093036355,-0.454232285996991,-0.578898797291578
"22",22,-0.474461224227438,-0.624518966493806,-0.764769007607478
"23",23,-0.685002595947139,-0.869206569562753,-0.83338115886184
"24",24,-0.70744436630556,-0.778687145146563,-0.905057854021181
"25",25,-0.316420112636542,-0.514862518327582,-0.65473461709214
"26",26,-0.300979020524517,-0.503307844315605,-0.512865078504322
"27",27,-0.719225272160758,-0.753511804057355,-0.937164898486442
"28",28,-0.588807136957632,-0.829051528183838,-0.822241409704656
"29",29,-0.76187557225047,-0.93092403781084,-1.23679659981972
"30",30,-1.11613042494535,-1.35493021650643,-1.29027622323853
"31",31,-0.311219631974628,-0.483827680030728,-0.555600475761792
"32",32,-1.03310245898301,-0.8287690459483,-1.08233727965603
"33",33,-0.412017266575435,-0.530746309398301,-0.516894215862112
"34",34,-0.552092005364397,-0.65625162819048,-0.808158523344907
"35",35,-0.916904291389018,-0.924815771781121,-1.12441640596753
"36",36,-0.720643216536532,-0.830460347759429,-0.986997101941507
"37",37,-0.550684326195917,-0.647626969778556,-0.747130692542073
"38",38,-1.01816773533304,-1.21044975808981,-1.14353978494838
"39",39,-1.31578118029497,-1.4547182038141,-1.43923807082554
"40",40,-0.45100752639172,-0.593879607697385,-0.715298794281953
"41",41,-0.554091515904851,-0.586935806884922,-0.70655107958979
"42",42,-0.846600229661842,-0.873660928645848,-1.07269873820058
"43",43,-0.655697301622021,-0.784938323845708,-0.719965326543946
"44",44,-0.417075539770577,-0.559160507256621,-0.5968918099039
"45",45,-0.617471879564325,-0.687367313630796,-0.652433764968399
"46",46,-0.452042707113173,-0.72775360990522,-0.776962285090372
"47",47,-0.983704949519791,-0.912242466687162,-1.134631339382
"48",48,-1.01033866161959,-1.27127311246999,-1.32101564243991
"49",49,-0.251489230435001,-0.461767892243661,-0.538518461879997
"50",50,-0.607592427711176,-0.753756522442769,-0.843553364836932
"51",51,-0.974279975384957,-1.03749881240451,-1.1497921047187
"52",52,-0.505768463977411,-0.645856800700338,-0.557257368533787
"53",53,-1.42197998515502,-1.66073301299403,-1.63993995821881
"54",54,-0.776461192479782,-0.729372827382356,-0.816527972858866
"55",55,-0.61771465491758,-0.691926291395231,-0.749458071811116
"56",56,-0.4674056865007,-0.481668736820675,-0.665509489735535
"57",57,-0.340177336976865,-0.515523041948211,-0.586571950301157
"58",58,-0.583204861085517,-0.539510039942988,-0.710307651807634
"59",59,-0.698080522276882,-0.646733455503527,-0.940369487142636
"60",60,-0.55639222858814,-0.829602942984691,-0.786460913367062
"61",61,-0.831952072413139,-0.782302047565006,-0.988820584893221
"62",62,-0.510862986477585,-0.551549077044686,-0.736731356567694
"63",63,-0.422542334968632,-0.505744162374514,-0.696210118431968
"64",64,-0.148074711285176,-0.362017679956086,-0.361379899601372
"65",65,-0.639516436533519,-0.667247489256567,-0.912985918161359
"66",66,-0.537977276966843,-0.685899248214692,-0.916905963181265
"67",67,-0.580558143972281,-0.818406855290866,-0.744075426076529
"68",68,-0.505981250137018,-0.645335537272089,-0.615849336021942
"69",69,-0.579214378951129,-0.598163334140192,-0.796967418339022
"70",70,-0.85564891378643,-0.901193983258542,-1.00818659989596
"71",71,-0.618637609693254,-0.716651699320196,-0.720056377394329
"72",72,-0.277732369780259,-0.380214519860243,-0.627199137863608
"73",73,-0.603332124473292,-0.7837633777015,-0.87598108781986
"74",74,-0.659251035282534,-0.738191290081691,-0.943583017069545
"75",75,-0.81557447469738,-0.725243271713518,-0.950655135231274
"76",76,-0.440904637195957,-0.676347211024096,-0.711343748126869
"77",77,-1.4042538398111,-1.43781385510331,-1.63671216767106
"78",78,-0.672652603893641,-0.701114574033269,-0.823573421601763
"79",79,-0.629248055432639,-0.730993297754102,-0.920354901756711
"80",80,-0.592497335883485,-0.648732721880726,-0.827465805450646
"81",81,-0.428552716734905,-0.627318344356648,-0.687978899236583
"82",82,-0.576826736681824,-0.61325790954684,-0.62343602659772
"83",83,-0.455712213254315,-0.485245960671537,-0.621033052245073
"84",84,-0.95579666602311,-1.0621437705147,-1.28577891532955
"85",85,-1.19225829053806,-1.32879226587679,-1.41945654447556
"86",86,-0.657207974977125,-0.812269829891548,-0.975834094112322
"87",87,-0.617428035879017,-0.658718865082167,-0.742510840501132
"88",88,-0.567551015013795,-0.662536112187805,-0.944320382441424
"89",89,-0.820126446843205,-0.811535198401304,-0.850700401702859
"90",90,-0.238214353910198,-0.426363839724323,-0.415844167709296
"91",91,-0.727147390976758,-0.849730258837182,-0.87188271577703
"92",92,-0.556388479262031,-0.663047714941653,-0.684813259013581
"93",93,-0.441651940457318,-0.472563180793515,-0.688757788192881
"94",94,-0.825413735572499,-0.747689201961508,-0.918129030015569
"95",95,-0.559552556604155,-0.651906897834459,-0.828610994703077
"96",96,-0.865070408606879,-0.899806968602778,-0.998669485130995
"97",97,-0.608241074891586,-0.648888008993819,-0.747264227046657
"98",98,-0.982412873382005,-1.16096772377101,-1.21722998714566
"99",99,-0.738234447024336,-0.881992800510628,-1.02813891698117
"100",100,-1.58275505427652,-1.47395549071532,-1.66165030311226
"101",101,-0.615499414131397,-0.640117221709936,-0.914537544862312
"102",102,-0.606141813220089,-0.5765408257067,-0.608893070875367
"103",103,-0.333713444544074,-0.512137052126232,-0.542156968731141
"104",104,-0.473182229143325,-0.635592423488007,-0.68269362237284
"105",105,-0.866484680378374,-0.862611522482504,-0.853026491808085
"106",106,-0.488588775526423,-0.564427400247899,-0.641012006058719
"107",107,-0.524895564437303,-0.672287084017981,-0.69032152136414
"108",108,-0.483157973337954,-0.632869325628372,-0.704545292328235
"109",109,-0.688842453348188,-0.714069880468815,-0.895664089512072
"110",110,-0.88800902722342,-0.954345575855443,-1.05399116354664
"111",111,-0.730270179472544,-0.829184820657456,-0.994829617125311
"112",112,-0.69554624422256,-0.638231054990938,-0.775173592654319
"113",113,-0.400678580272354,-0.597251297481531,-0.66284117045317
"114",114,-0.792592494113214,-0.896568999434437,-0.957506770750043
"115",115,-0.403008421386263,-0.507586928718328,-0.583544650770132
"116",116,-0.557310557438968,-0.579925521760886,-0.626161250909742
"117",117,-0.623939074450997,-0.7217306193509,-0.855292909179013
"118",118,-0.585841349840982,-0.722167788980279,-0.82784572339111
"119",119,-0.843634577157236,-0.858994249520616,-1.04264337788956
"120",120,-0.78343847928648,-0.951864932216065,-0.997628718307143
"121",121,-1.19856597789888,-1.25144503087961,-1.46123489287415
"122",122,-0.505001807855533,-0.597040678750226,-0.761808025926049
"123",123,-0.852946184418676,-0.83883069511578,-1.1005381123232
"124",124,-0.722808593061548,-0.832572208660876,-0.982096087620389
"125",125,-0.664896233085852,-0.709177772533327,-0.933314190598247
"126",126,-0.729845317232151,-0.679362099839162,-0.845902069812126
"127",127,-0.752103163353688,-0.868035587503143,-0.971223343774988
"128",128,-0.608564972953083,-0.709149043049795,-0.818771573356127
"129",129,-0.509888258567044,-0.664806343053369,-0.721671209444752
"130",130,-0.981954163572689,-1.2114973291434,-1.17673957121911
"131",131,-0.543164917699904,-0.824776583252183,-0.84171847801644
"132",132,-0.62400599862181,-0.566518774755345,-0.796916865156425
"133",133,-0.39944412638033,-0.449468371134382,-0.586684654027784
"134",134,-0.897435702852988,-0.840555793951077,-1.01554093560577
"135",135,-0.683363464704952,-0.722000248001828,-0.917530851189394
"136",136,-1.09524134948747,-1.29314813397811,-1.34107423058642
"137",137,-0.60732958824978,-0.789064642032259,-0.836060390671791
"138",138,-0.716718014643591,-0.951122348796496,-1.01869038986421
"139",139,-0.995295083396471,-1.12750823780199,-1.30159815080284
"140",140,-0.542141476018338,-0.740448336653068,-0.743026683544989
"141",141,-0.525507580949774,-0.57671014803152,-0.783883489017174
"142",142,-0.628675469870034,-0.669955693118042,-0.671860740321503
"143",143,-0.668110578716288,-0.821563784938028,-0.816228960769105
"144",144,-0.294402666290125,-0.388661694270201,-0.59710110300363
"145",145,-1.15959893709666,-1.2097762658322,-1.29648404192498
"146",146,-0.359353467965111,-0.569303625646447,-0.642494368575085
"147",147,-1.45370816620661,-1.70842697031067,-1.5151123203057
"148",148,-0.923777072588046,-0.974267213613515,-0.880766722650641
"149",149,-1.3518975542376,-1.61835294244563,-1.76443594844072
"150",150,-0.839926112508528,-0.965167660345666,-1.17441498633773
"151",151,-0.513405991846395,-0.660921877251138,-0.641488248861676
"152",152,-0.714100428846587,-0.752415905343735,-0.827241175202281
"153",153,-1.86161596744031,-1.61822090850635,-1.81263513341497
"154",154,-0.919269653837974,-0.85696895453774,-1.06133879187245
"155",155,-0.605727603584459,-0.905787128866995,-0.827244049215524
"156",156,-0.385523799079148,-0.534664201874884,-0.552707342472039
"157",157,-0.641950884407187,-0.857301200604588,-1.01753793068263
"158",158,-0.737418185615057,-0.86157167774723,-0.94073411579474
"159",159,-0.501916539348151,-0.650429279359108,-0.616284913954855
"160",160,-0.606269109916796,-0.571523041671413,-0.772908645707794
"161",161,-1.07902397567224,-1.00399804820416,-1.16390641501201
"162",162,-0.477372796219096,-0.595510331038306,-0.569260059579721
"163",163,-0.5520071993438,-0.666976275915801,-0.866854090572138
"164",164,-0.530389622583207,-0.682849155926249,-0.906302195204876
"165",165,-0.455612676398525,-0.439885242551129,-0.601346118714386
"166",166,-0.610025310080835,-0.716954721125742,-0.84717324395986
"167",167,-0.303003718400631,-0.475546169956485,-0.479436089263589
"168",168,-0.695145196420126,-0.847360597029388,-0.914407328437186
"169",169,-1.23659915016059,-1.18793435526953,-1.60988609710797
"170",170,-0.653330287663752,-0.764005004190889,-0.906048762149459
"171",171,-0.611727026872105,-0.672086640688485,-0.950361007279545
"172",172,-0.485636552029579,-0.578214208911781,-0.814311084582479
"173",173,-0.799640365120946,-0.799295760759127,-0.770376086779179
"174",174,-0.62761460818713,-0.792504021775998,-0.843896360934446
"175",175,-0.656896043752131,-0.66615787898168,-0.887956040805284
"176",176,-1.08109902558347,-1.20696252468948,-1.5315130117134
"177",177,-0.475754178865909,-0.575855694756989,-0.659664907942288
"178",178,-0.517144602059299,-0.59407410874578,-0.711372100645796
"179",179,-0.785170716481116,-0.884856952918594,-1.0552831593068
"180",180,-0.806456863674652,-0.914548292112904,-1.08415010347932
"181",181,-0.797544477188508,-0.940789216282019,-1.08062956508438
"182",182,-0.496094286216828,-0.635570447108037,-0.768009654139716
"183",183,-0.864876915681015,-0.875998192185541,-1.11855856888816
"184",184,-0.510379315998152,-0.593369186039954,-0.74102912890109
"185",185,-0.785381465738261,-0.86074768053253,-1.03772193442267
"186",186,-0.598211968409121,-0.656375872699973,-0.731854700937624
"187",187,-0.530554401019225,-0.570852114534068,-0.793260828486266
"188",188,-0.864869885188733,-0.920893943714499,-1.12076000695205
"189",189,-0.650655108897058,-0.725854313635664,-0.790706407317119
"190",190,-0.479658771343477,-0.637569413134673,-0.701554471603042
"191",191,-0.731490644464607,-0.754903842718679,-0.882937553280308
"192",192,-0.899605271138991,-1.106456135078,-1.02383783952323
"193",193,-0.333020776007066,-0.44070964503309,-0.463064965820221
"194",194,-0.797753184328229,-0.866192444953124,-0.926491993000488
"195",195,-0.926179755705701,-0.984688074041394,-1.10509927005488
"196",196,-0.614191452066576,-0.781001318391123,-0.864957463196729
"197",197,-0.918390226416834,-0.868851140010717,-0.915142555408796
"198",198,-1.95004481260838,-1.88730730418492,-1.85828922376427
"199",199,-0.252126434094752,-0.38867512875121,-0.483939611293161
"200",200,-1.68538455497727,-1.69309871569737,-1.66287547067161
"201",201,-0.645292041113686,-0.737585005102066,-0.851204498143464
"202",202,-0.488430110086377,-0.698753680438075,-0.756448238382325
"203",203,-0.431073840869309,-0.479645728849301,-0.598304708473338
"204",204,-0.875025849818678,-0.811025893019475,-1.01607880882235
"205",205,-0.770642007342571,-0.876642103997133,-1.22721426009169
"206",206,-0.374610627463662,-0.547959308717854,-0.587945809107538
"207",207,-0.512080021930611,-0.596487378506,-0.791881131409319
"208",208,-0.82461715949819,-0.86127407382916,-1.07738583865106
"209",209,-0.779636439835977,-0.894644833717651,-1.03209422800242
"210",210,-0.743344931424593,-0.729864601431428,-0.912953086455023
"211",211,-0.627267094718171,-0.647550029414278,-0.650780512101359
"212",212,-0.426854717933375,-0.752317743445315,-0.814658997805245
"213",213,-0.37492453924637,-0.529792535863096,-0.593299219582234
"214",214,-0.564335394628656,-0.662859931877754,-0.68165070568072
"215",215,-0.592360126938887,-0.624878908211009,-0.818952445652577
"216",216,-0.415089776355632,-0.530342259230579,-0.659945195200264
"217",217,-0.51625087537928,-0.568883316977604,-0.718181167791429
"218",218,-0.477950402897056,-0.675547990595998,-0.691645063296018
"219",219,-0.514158850558339,-0.565311871150833,-0.613055913566921
"220",220,-0.66381392439054,-0.759700729893204,-0.749327357925801
"221",221,-0.623047525534714,-0.710551339154537,-0.971909985488807
"222",222,-0.749189005601074,-0.943723419572799,-1.04208860135476
"223",223,-0.616300936156866,-0.76472617741672,-0.81933222025814
"224",224,-0.966276884115905,-0.960173386726829,-1.04150565047176
"225",225,-0.752116069278402,-0.815930517773822,-0.853455929503709
"226",226,-0.324361399319355,-0.498322135608406,-0.541226555162187
"227",227,-0.532640222771278,-0.6880752169499,-0.898665537689809
"228",228,-0.280028382360669,-0.42229270797086,-0.665158368324964
"229",229,-0.605545065423415,-0.648188329911837,-0.839940777112599
"230",230,-0.69956229829613,-0.795005813561746,-0.791142753083889
"231",231,-0.593834055307167,-0.756357394836744,-0.771421765859979
"232",232,-0.261939173931282,-0.337368920024527,-0.444652919971281
"233",233,-1.01134837002428,-1.01019213832977,-1.20614634212487
"234",234,-0.498360014085481,-0.594266721919555,-0.714520264101242
"235",235,-0.362318380220489,-0.553432565599879,-0.661165593841291
"236",236,-0.767953619617465,-0.906551142300603,-1.03157411380179
"237",237,-0.918603925891943,-0.98971772950491,-1.17646206368258
"238",238,-0.58731312835801,-0.728268391725781,-0.723390187602861
"239",239,-0.563130837407357,-0.766574523415988,-0.810931383896464
"240",240,-0.321083464027356,-0.392298961891054,-0.533137528564089
"241",241,-0.88666634900745,-1.07657523708449,-1.05460604798486
"242",242,-1.07638637288442,-1.16074862948082,-1.29603222566935
"243",243,-0.805696071661726,-0.841683539350236,-1.03939250942778
"244",244,-0.399170883209227,-0.518651859133549,-0.597619984435987
"245",245,-1.48292020739802,-1.58110068519045,-1.63322527131797
"246",246,-0.655543223273101,-0.97220307151589,-0.991000499666128
"247",247,-0.861564094926161,-1.02730604823721,-1.02436305056223
"248",248,-0.892622647389027,-1.00697789528231,-1.01552092300016
"249",249,-1.00688934458305,-1.03236345686366,-1.17741942348323
"250",250,-1.40223958705596,-1.50467715831154,-1.73200873523414
"251",251,-0.288629093331454,-0.449795323402181,-0.547224854266039
"252",252,-1.2428711413888,-1.15108198583018,-1.40783967118904
"253",253,-0.423540614256784,-0.543646022772258,-0.716084425704137
"254",254,-0.478560813420529,-0.597763684148519,-0.675787316625989
"255",255,-0.508877997717652,-0.592763683635092,-0.710323301823704
"256",256,-0.4750156906997,-0.619486192374715,-0.812052751968375
"257",257,-0.425909959060066,-0.551583136153046,-0.770732655022146
"258",258,-0.452773838972485,-0.577154336653484,-0.601485077891299
"259",259,-0.465366510674915,-0.69059722945519,-0.796627648882558
"260",260,-1.59058257279041,-1.45606272528945,-1.70201803756694
"261",261,-0.29323500093354,-0.43677679137228,-0.550675063169496
"262",262,-0.8069661884175,-1.09729438817224,-1.11117708716999
"263",263,-0.964238862980485,-1.0498737895859,-1.05913148422172
"264",264,-0.30912440334448,-0.408575578832249,-0.534197986201945
"265",265,-0.95203637685726,-0.846886285867692,-1.04090239088836
"266",266,-0.532353697790316,-0.560104269636048,-0.665541906560698
"267",267,-0.533384932743065,-0.522849588325776,-0.731143640838474
"268",268,-0.862512853975275,-0.958362061843653,-0.962196636384149
"269",269,-0.921989414248028,-0.887738348746418,-1.10091632857469
"270",270,-0.533325405399735,-0.736019683501119,-0.806643792660381
"271",271,-1.50300889258168,-1.87830727887108,-1.82036278170844
"272",272,-1.14841759761932,-1.08056015711821,-1.12553452388854
"273",273,-0.460164962217355,-0.563614909853252,-0.642307197471993
"274",274,-0.731875570723937,-0.786996109131899,-0.967062703105101
"275",275,-0.83769725123731,-0.962007464344844,-0.85652057814772
"276",276,-0.485821374130688,-0.622459924198622,-0.629558415707414
"277",277,-0.525467869541103,-0.573336377192319,-0.668963716898673
"278",278,-0.830199825723675,-1.0540366464721,-1.1765094421707
"279",279,-0.585170314699635,-0.6819931592924,-0.866213686370881
"280",280,-0.848294798152078,-0.949929845259438,-0.913491134167801
"281",281,-1.25947479562721,-1.18134252784755,-1.31659193688033
"282",282,-0.673884311836563,-0.794029789460413,-0.892195453268442
"283",283,-0.641326446167235,-0.701355363545591,-0.980050257725666
"284",284,-0.492052790507716,-0.61658981275269,-0.767484020999849
"285",285,-0.558819097544689,-0.699955939687607,-0.799910618817849
"286",286,-0.597822935772334,-0.713315326081864,-0.708528134472431
"287",287,-0.479449812471693,-0.531647436567355,-0.70475993856325
"288",288,-0.58291889983633,-0.617727120042936,-0.866779302497664
"289",289,-0.388189801373859,-0.542109820330344,-0.623461736295031
"290",290,-0.608940376556968,-0.686735991264333,-0.923584835888353
"291",291,-0.655215574989361,-0.678556368752571,-0.810862232449883
"292",292,-0.385099051759806,-0.583486103943949,-0.605845667284492
"293",293,-0.36321933179647,-0.493539754473912,-0.570355648866367
"294",294,-0.632542415334906,-0.814640928145464,-0.975669070636146
"295",295,-0.850396804642475,-0.935034025291791,-1.04087921950888
"296",296,-0.64522965571008,-0.734413167373433,-0.743551465707589
"297",297,-0.286989994345082,-0.411138264748372,-0.517185345727592
"298",298,-0.602479759145529,-0.781646395025523,-0.862297181236148
"299",299,-0.906749365898605,-0.915779881340847,-1.07268324426961
"300",300,-0.486289404037431,-0.538611564365512,-0.661658245256231
"301",301,-1.11969580468828,-1.03291434123996,-1.18576894064241
"302",302,-0.873580093704097,-0.96103526495604,-1.14620598181935
"303",303,-0.31659377736069,-0.446904665988073,-0.558567213104484
"304",304,-1.0037063577986,-1.07067972223862,-1.09516511654258
"305",305,-1.12663351742352,-1.26161772859277,-1.34685038238859
"306",306,-0.695460138465814,-0.817369393490577,-0.957664179760688
"307",307,-0.344872924974766,-0.508858806772851,-0.553982340843369
"308",308,-0.47515516221229,-0.659168001829654,-0.743694410551353
"309",309,-0.391916326327197,-0.461768831429665,-0.693712527235743
"310",310,-0.568908163989747,-0.605690793311311,-0.74243380598949
"311",311,-0.430968404256772,-0.595534576786313,-0.588989435069875
"312",312,-0.718467840787419,-0.733996525326882,-0.873125882705387
"313",313,-1.11558906204941,-1.319644527226,-1.49160181963235
"314",314,-1.39805911385687,-1.39147864362905,-1.49251536361794
"315",315,-0.449734327154756,-0.532925725361596,-0.733567012878203
"316",316,-0.648891715413913,-0.66402448062894,-0.811472366662147
"317",317,-1.05544699427122,-1.05701769097698,-1.08586814089647
"318",318,-0.347749536849549,-0.39970923421256,-0.543862349992435
"319",319,-0.861387174925698,-0.907300878956903,-1.05390268314146
"320",320,-0.769786401073408,-0.699621767832111,-0.931361292994871
"321",321,-0.813517762893401,-0.883785275844125,-0.999013574311904
"322",322,-0.674736581480749,-0.740667588738553,-0.717794357331056
"323",323,-0.648580872815957,-0.966277371816601,-0.977705919180226
"324",324,-1.08558009379265,-1.18284563341919,-1.23283485697901
"325",325,-0.389915123450652,-0.444748360635483,-0.564397120875652
"326",326,-0.663321524514402,-1.00425348924201,-1.04181440152454
"327",327,-0.883548820549532,-1.05114766108298,-1.01623087185287
"328",328,-1.03671605428034,-1.23999255663661,-1.29564762283998
"329",329,-0.450462959658745,-0.700012893620773,-0.656462204824066
"330",330,-0.690031670641073,-0.689110828789504,-0.776280187327071
"331",331,-0.644438590257054,-0.783309750420046,-0.834977324237661
"332",332,-0.777353823198169,-0.986044866561389,-1.1967404834202
"333",333,-1.2603275556781,-1.32159978815763,-1.52548387947537
"334",334,-0.780644618763536,-0.765413124862688,-0.782501073881261
"335",335,-0.701323363848585,-0.718553515670089,-0.964361972864689
"336",336,-0.718388129891839,-0.99915459144071,-1.08256568297697
"337",337,-0.324282623976172,-0.44138146834557,-0.55026993940419
"338",338,-0.549656250220106,-0.590690100608111,-0.731191876394217
"339",339,-0.572147806025481,-0.661596093714624,-0.896115550691991
"340",340,-0.373242832164551,-0.541932543396637,-0.520232900110275
"341",341,-0.469471199817826,-0.516644613200932,-0.651900725011888
"342",342,-0.670906791150626,-0.71300527142727,-0.764204508392363
"343",343,-0.706360655487479,-0.847499065121468,-0.99648919657906
"344",344,-0.416437101053091,-0.472892136784952,-0.591916920569587
"345",345,-1.73567586692494,-2.11453350506119,-2.23821404481969
"346",346,-0.684620064586368,-0.878061706219532,-0.897897515098375
"347",347,-0.697973760631446,-0.830194616005883,-0.817729831376841
"348",348,-0.671049159615984,-0.758573290314801,-0.87686331777455
"349",349,-0.754924447088516,-0.946250399988134,-1.00830537111541
"350",350,-0.462736720126755,-0.529775187865774,-0.668413563356837
"351",351,-0.72646084611221,-0.892734725775893,-1.0080520283362
"352",352,-1.19839501517449,-1.29278172000221,-1.52133309496914
"353",353,-0.416409196704885,-0.443185376952872,-0.617327089816753
"354",354,-0.843334843154407,-0.918992031327508,-1.19850129240255
"355",355,-0.764490164859696,-0.729836387569206,-0.941277293375574
"356",356,-0.43080395412652,-0.587477641677651,-0.60969503124461
"357",357,-0.489003782639125,-0.639895696674583,-0.687706267580806
"358",358,-0.687808833563441,-0.617784016276357,-0.825281136209021
"359",359,-0.34235473554273,-0.49865031692274,-0.588348367886181
"360",360,-0.844646461284703,-0.913055059902799,-0.984614863209929
"361",361,-0.412582814149697,-0.487643959511544,-0.568597473427065
"362",362,-0.451110232448198,-0.590262472633385,-0.663881287989778
"363",363,-0.464026894370802,-0.524806550079647,-0.522808115415251
"364",364,-0.98253746290771,-1.01417731902681,-1.13883019860524
"365",365,-0.651534242590777,-0.559440608603524,-0.873971814872265
"366",366,-1.25757306351691,-1.22509369680746,-1.25580552852611
"367",367,-0.535774869170951,-0.602733206632816,-0.667755681002208
"368",368,-0.536881834089088,-0.573055947916686,-0.650076240169329
"369",369,-0.424185921103153,-0.586537979381808,-0.562787060642833
"370",370,-0.709064205585048,-0.795575853323645,-0.945109343690482
"371",371,-0.687242173633499,-0.806415425426673,-0.886957638323225
"372",372,-0.570421082828197,-0.603866862853522,-0.863515136224903
"373",373,-0.459044832930302,-0.524960739741016,-0.601297744563229
"374",374,-0.87171483762321,-0.926857035742979,-0.908542178647124
"375",375,-0.607331483577254,-0.779986564198112,-0.949527150101818
"376",376,-1.28494156623853,-1.33141839753512,-1.52032905332641
"377",377,-0.959289126281784,-0.858205148364385,-1.12983334481932
"378",378,-0.464616842322378,-0.557890570703899,-0.672034568742391
"379",379,-0.908322172967256,-1.18364042488923,-1.06757141437051
"380",380,-1.99674120863721,-2.12124095441792,-2.23475314380814
"381",381,-0.479197941273541,-0.567940436427395,-0.671251309140287
"382",382,-0.549866486528464,-0.735243864664224,-0.778026615543188
"383",383,-0.59888784067605,-0.788469895023752,-0.781352733777162
"384",384,-0.816443026816719,-0.962881772917755,-1.09207320384424
"385",385,-0.42735202703582,-0.605752986689771,-0.700451413718717
"386",386,-0.629000627939866,-0.732872470042363,-0.822907387141792
"387",387,-0.411346399441589,-0.6418487030404,-0.724245829626214
"388",388,-1.01035628933714,-0.929052280033924,-1.19518536553443
"389",389,-0.808395928532111,-0.938671686029044,-0.948669592352365
"390",390,-0.459401374375445,-0.6407200355921,-0.816551096613608
"391",391,-0.430474548144919,-0.562776888289201,-0.636056963298416
"392",392,-0.540104049791979,-0.635990218491965,-0.74861985622205
"393",393,-0.658148085943592,-0.778988416687229,-0.81343332208415
"394",394,-0.842387683351065,-0.879135373284676,-0.952638655041871
"395",395,-0.39118751658331,-0.591161219623591,-0.78073981112985
"396",396,-0.748550304704735,-0.755921713654489,-0.856235998905411
"397",397,-0.420656628127542,-0.495456597889095,-0.567228271167316
"398",398,-0.723650795503819,-0.756633760857819,-0.90209167215141
"399",399,-0.398528608721924,-0.629441630977581,-0.630052434730125
"400",400,-0.886612708454881,-0.951259575730018,-1.10812067455375
"401",401,-0.822922755703924,-0.801103435332733,-0.905201091643757
"402",402,-1.07618636633371,-0.98489957789136,-1.12585494438062
"403",403,-0.704219359916634,-0.667548797114605,-0.902201938976865
"404",404,-0.654185584429257,-0.574309101704718,-0.663345918464446
"405",405,-0.834798687440744,-0.883736909023898,-0.86704604371665
"406",406,-0.37487897100244,-0.36485016235749,-0.604645834905489
"407",407,-0.876192100815479,-1.07461356407987,-1.23243994371279
"408",408,-0.498740934257932,-0.591489430841045,-0.681151712261799
"409",409,-0.677915216632199,-0.585122041347677,-0.797415108828694
"410",410,-1.23857885288916,-1.30841491702501,-1.24583638975692
"411",411,-0.46073791161254,-0.528352083543363,-0.565237584606776
"412",412,-0.663847042072687,-0.777098410041254,-0.862826208715112
"413",413,-0.640599938487532,-0.656385872587174,-0.837408640501256
"414",414,-0.579957854431222,-0.751096917539144,-0.850000206819585
"415",415,-1.35972251426105,-1.27850230263864,-1.44962017126202
"416",416,-0.544100181074535,-0.760830943961061,-0.767939602963066
"417",417,-0.50206045240903,-0.564355348745953,-0.772935634948894
"418",418,-0.603283499067182,-0.626915704997072,-0.863557710178357
"419",419,-0.842171689674493,-0.931256958116824,-1.04145149059456
"420",420,-0.724212512910198,-0.794250291937079,-1.04563737099846
"421",421,-1.09287974776339,-1.14766630557525,-1.18761209611165
"422",422,-1.05291530939094,-1.07401207808253,-1.31186691268358
"423",423,-0.577101941212861,-0.590795858762752,-0.743796024995841
"424",424,-0.450500695391412,-0.639889832354479,-0.668162328470538
"425",425,-0.394489270916024,-0.536244116601711,-0.62907510209622
"426",426,-0.562638391731436,-0.731157656325123,-0.745185133128636
"427",427,-0.543888896530181,-0.618505074969283,-0.661965416047669
"428",428,-0.889881059651511,-0.879167667454381,-1.12228345554479
"429",429,-0.588461591692939,-0.650595152034502,-0.814777360919593
"430",430,-0.865087856756562,-1.0108377426681,-1.04823438899419
"431",431,-0.703186688524185,-0.947088032967278,-0.972439895388523
"432",432,-0.510587628345496,-0.626830737069907,-0.719577712230982
"433",433,-0.538954685888926,-0.701488382715448,-0.783727536308058
"434",434,-0.702841179553409,-0.778452448116949,-0.899068399591823
"435",435,-0.700146958708247,-0.751960149306127,-0.941667649129881
"436",436,-0.720137713875543,-0.692688831386617,-0.910077877904658
"437",437,-0.72069938768278,-0.926918011679207,-1.09317509015225
"438",438,-0.486722190719051,-0.596826205992528,-0.758892454411868
"439",439,-0.743578310887324,-0.714038730356527,-0.934094941778521
"440",440,-0.509171436453112,-0.523661639820215,-0.65835912728509
"441",441,-0.414474051283514,-0.511709729881707,-0.638907981058347
"442",442,-0.269166812119231,-0.507207300877387,-0.509375811941496
"443",443,-0.767959667371659,-0.940241879092783,-0.89999903469992
"444",444,-1.08854390212069,-1.25975190705451,-1.34194529049899
"445",445,-0.843568218179916,-0.933509990441998,-1.00861888744842
"446",446,-0.643688721355255,-0.582498857284118,-0.939749455053876
"447",447,-1.22771766219041,-1.17850351841492,-1.21086688294466
"448",448,-0.382132751969075,-0.493344197506011,-0.55349346331064
"449",449,-1.26577815813706,-1.34261630539839,-1.57225814673253
"450",450,-1.03644313638685,-1.21043165608486,-1.20451159532782
"451",451,-0.542956576367965,-0.622474007339556,-0.683297204222746
"452",452,-0.347803383925682,-0.476117981230163,-0.640519677675722
"453",453,-0.341316323785531,-0.495150034289076,-0.628294221501359
"454",454,-0.486660373866824,-0.521029408939801,-0.584225539716452
"455",455,-0.666732196587137,-0.861431684594259,-0.890012461181686
"456",456,-0.660236893925328,-0.656332766851505,-0.686039892520295
"457",457,-0.603273760937175,-0.603014284449067,-0.870758119604043
"458",458,-0.776137142715044,-0.749208646706495,-1.02404844697661
"459",459,-0.952578336667249,-1.11668449371933,-0.962219891484736
"460",460,-0.710559695671363,-0.746692101013771,-0.803025683511595
"461",461,-0.384384607264079,-0.549134113436098,-0.640812778355616
"462",462,-0.508384821483228,-0.672617137162161,-0.750778324062846
"463",463,-0.621067789329156,-0.711881135656736,-0.838759747585911
"464",464,-0.518985875301796,-0.55945440145451,-0.709357917892512
"465",465,-0.535279541115593,-0.563277253122026,-0.654146566405094
"466",466,-0.783155154468898,-0.831843117781833,-0.881099001803036
"467",467,-0.483666784673659,-0.459750503117793,-0.628652813369051
"468",468,-0.80286353984843,-0.74724476507144,-0.919396737335912
"469",469,-0.415636281501842,-0.555731006029648,-0.660101966473787
"470",470,-0.894535131674855,-0.934446979552132,-1.30609951475665
"471",471,-0.645912363305965,-0.692610338949563,-0.777179473788796
"472",472,-0.505828342875542,-0.700884186412414,-0.686702651007244
"473",473,-0.437024854299961,-0.618549645667827,-0.550179375630452
"474",474,-0.467646928239753,-0.601977036798097,-0.626279200175208
"475",475,-0.57545159475416,-0.716604414005955,-0.822711093926188
"476",476,-0.812824049199035,-0.916638932382288,-1.20365525448699
"477",477,-0.749983732752441,-0.888794075394139,-1.14307051170708
"478",478,-0.522098763018772,-0.575729850110097,-0.671960966447268
"479",479,-0.747106595128999,-0.824948877237712,-0.844062137053036
"480",480,-0.294637896552801,-0.409706804988281,-0.508243269735874
"481",481,-0.710237845644784,-0.665634940507665,-0.78084566373503
"482",482,-0.298942002708131,-0.424965810138703,-0.450240740431127
"483",483,-0.530397375605113,-0.690057632525476,-0.812286625549128
"484",484,-1.06101439744409,-1.18738865855547,-1.26856002646515
"485",485,-0.92915178831891,-1.00994573579201,-1.20026707355021
"486",486,-0.753828081672096,-0.987184344216034,-0.956313565409018
"487",487,-0.706371289855473,-0.758682282264291,-0.83553532620192
"488",488,-0.873383689011687,-1.09117607771941,-1.22123229901278
"489",489,-0.62143691822738,-0.720965961317376,-0.888636957300722
"490",490,-0.887044660519224,-1.00932360053478,-1.03069719278178
"491",491,-1.02647492277518,-1.09266523239649,-1.05073252106706
"492",492,-0.793570191358427,-0.921466107081905,-1.03383290066358
"493",493,-0.312287849356704,-0.440252273130413,-0.642447866289228
"494",494,-0.932950789340387,-0.877269083925637,-0.986375298805988
"495",495,-1.46484002675938,-1.45506983338579,-1.58772634188493
"496",496,-0.584925751258907,-0.658435518590531,-0.786771320250879
"497",497,-0.454270537263023,-0.682472041974602,-0.70228210873939
"498",498,-0.271835315375586,-0.394366299802262,-0.533130880679186
"499",499,-0.472957433067199,-0.566967424068345,-0.700169323401749
"500",500,-0.579275779909948,-0.729969391688419,-0.820870795433371
"501",501,-0.496295630009187,-0.5651737476533,-0.805907595083313
"502",502,-0.532441824572838,-0.660847325157222,-0.745060707472214
"503",503,-1.01205619271398,-1.01686075548913,-1.11729100325104
"504",504,-0.337153479484851,-0.558043502367981,-0.513030130585494
"505",505,-0.697276420288739,-0.731551111998528,-0.932473316962913
"506",506,-0.947948668709101,-1.00395544817684,-1.21349017917337
"507",507,-0.387521407812833,-0.583511135406006,-0.732237423647643
"508",508,-0.573654874149786,-0.738296676181348,-0.65217897817821
"509",509,-0.476145620516657,-0.624326372635523,-0.687424802200592
"510",510,-0.456922721711612,-0.577119508837953,-0.682959812151506
"511",511,-1.09169806170707,-1.06069483625149,-1.29855395202989
"512",512,-1.01702634321101,-0.977013639429465,-1.25229481233586
"513",513,-0.55888803329248,-0.65400369018849,-0.74685174956849
"514",514,-0.630594811659612,-0.678270789033776,-0.79484920692923
"515",515,-0.721480412308116,-0.686719224646529,-0.943901185901139
"516",516,-0.393812245910164,-0.635410787076677,-0.748764577405842
"517",517,-0.273175925896841,-0.377045400024839,-0.55091436857724
"518",518,-0.553242786278764,-0.629892765455173,-0.639581380280061
"519",519,-1.14389216492431,-1.25313347512778,-1.4619963087032
"520",520,-0.517387699587428,-0.553877055867153,-0.712622981466637
"521",521,-0.343057206421523,-0.495383854127232,-0.523323304082611
"522",522,-0.279539581508657,-0.402878370700544,-0.423722987441541
"523",523,-0.769326182087872,-0.9459518176008,-0.891393585252425
"524",524,-0.737210196239679,-0.848550967070994,-1.1138192706773
"525",525,-0.42952866783965,-0.541533242039785,-0.610430916539429
"526",526,-0.563291587541977,-0.764347611640694,-0.680377431554792
"527",527,-0.729617257177786,-0.67976682594098,-0.807222195528875
"528",528,-0.525624104817981,-0.557322956390494,-0.740986459207574
"529",529,-0.737212824411784,-0.769775051400363,-0.918850441439434
"530",530,-0.425443358243285,-0.624072494420836,-0.690915918413826
"531",531,-0.280431993900462,-0.398591733745462,-0.542941988882971
"532",532,-0.662233844318829,-0.642985616878885,-0.938569712170448
"533",533,-0.57434708192779,-0.757970549721095,-0.851685795917931
"534",534,-0.465481676932302,-0.726520037687355,-0.625750043565072
"535",535,-0.864823435110151,-0.928627079786014,-0.95009795527306
"536",536,-0.366159218078148,-0.397358106594291,-0.598986118987552
"537",537,-0.939740214804331,-0.892333492692355,-1.03776573493656
"538",538,-0.611455747007653,-0.65117882725846,-0.97453421227128
"539",539,-0.480418924821457,-0.590809691612136,-0.724696310883274
"540",540,-0.886471090871707,-0.891819422113221,-1.07331496197081
"541",541,-0.8961397645902,-1.04000486495828,-1.10572198763839
"542",542,-0.581536272569073,-0.757665508257289,-0.75311641004602
"543",543,-0.263511201351822,-0.453857569129602,-0.529900356847378
"544",544,-0.740694474896375,-0.841331537403874,-0.850121664090973
"545",545,-0.471397245115879,-0.575934684725326,-0.837694650567272
"546",546,-0.879217636247502,-1.14834359666743,-1.05203837955746
"547",547,-0.788434957607354,-0.977922673797546,-1.04305316772039
"548",548,-0.527167889267553,-0.689192685009795,-0.64722413493785
"549",549,-0.63243449295701,-0.695993737260139,-0.844212709912569
"550",550,-0.749373919219167,-0.766105977316164,-0.785642747031132
"551",551,-0.365756536698008,-0.560100860897704,-0.523648779375847
"552",552,-0.485285556649803,-0.636862920659799,-0.665414411948417
"553",553,-1.00750617083438,-1.02132317365803,-1.29386328281146
"554",554,-0.838824714294447,-0.88207741643888,-1.09708933250283
"555",555,-0.932097502987365,-1.04448262139224,-1.16559277900328
"556",556,-0.817049306775063,-1.10195475652205,-1.09380461247413
"557",557,-0.267489213180551,-0.415844274277258,-0.391567722848781
"558",558,-0.56460014414056,-0.634777633540037,-0.863505963424116
"559",559,-0.465395598242611,-0.484230182141307,-0.715426376722749
"560",560,-0.59846461047113,-0.7542951108054,-0.834880590160743
"561",561,-0.928473480080471,-0.845793343730859,-1.03200595654671
"562",562,-0.843002135050906,-0.73992217253231,-0.767724443593988
"563",563,-0.518494481027902,-0.604809128068684,-0.657581972599089
"564",564,-0.696515692457993,-0.713472298847468,-0.732708679414204
"565",565,-0.336513430649472,-0.430341862796518,-0.702459023003451
"566",566,-0.827132473601162,-0.858532138580401,-1.04178001429726
"567",567,-0.827291958974322,-0.975580000269068,-0.860587033854
"568",568,-0.697731044766811,-0.648263309843565,-0.801695636642125
"569",569,-0.450920747155417,-0.687240660430524,-0.822876924493422
"570",570,-1.10714031977719,-1.28859066331297,-1.25498076795979
"571",571,-0.783004008524896,-0.713931011032309,-0.962894234731325
"572",572,-0.495863192748794,-0.63861129598413,-0.945670743836724
"573",573,-0.721387946769211,-0.956007683615555,-0.97357573955921
"574",574,-0.679760988000135,-0.773223632498693,-1.17322215836665
"575",575,-0.592765568457797,-0.699555213914957,-0.849402484788718
"576",576,-0.939083611377996,-1.01108602711422,-1.00686588132573
"577",577,-0.3251891902187,-0.405628049112799,-0.652945214881191
"578",578,-0.5971520970974,-0.665284143092878,-0.782453980516907
"579",579,-0.748852950981093,-1.0436283320393,-0.906112004522303
"580",580,-0.495323497298017,-0.587303817949925,-0.767637985257373
"581",581,-0.55160661790887,-0.664511727408856,-0.717977630580889
"582",582,-0.499751571850473,-0.54907477286488,-0.60043174413253
"583",583,-0.822101020981298,-0.955518011729706,-0.933893895765268
"584",584,-0.664046100603552,-0.813348732386626,-0.875519452869064
"585",585,-0.830486236964537,-0.836766392181051,-1.00137840806087
"586",586,-0.821019458359278,-0.966305420574185,-1.0160174079601
"587",587,-0.733946717387177,-0.837113965758511,-0.997792038809105
"588",588,-0.435608418927346,-0.566732714352047,-0.607114799800697
"589",589,-0.764084522247344,-0.762527159266897,-1.00536278206996
"590",590,-0.311488115434142,-0.484482706003054,-0.587884869960904
"591",591,-0.592809907011884,-0.619405619375952,-0.870095070526405
"592",592,-0.677569377577119,-0.741709541563586,-0.772214811949092
"593",593,-0.36993482805026,-0.495746400128911,-0.64881975396556
"594",594,-0.768676523150793,-0.82687299510355,-0.96225410469745
"595",595,-0.815290502646891,-1.17236244276645,-1.1090138213311
"596",596,-0.511231690791787,-0.68412961976041,-0.835604745136261
"597",597,-1.43548751357311,-1.42717797610282,-1.94922181695902
"598",598,-0.86235162857553,-0.868210227573753,-1.08854207077773
"599",599,-1.22189063866163,-1.15927616256914,-1.25319701011828
"600",600,-0.372842432491599,-0.513184618618016,-0.591572626949328
"601",601,-0.612932950637507,-0.696051779053174,-0.848047714863623
"602",602,-0.832673480616208,-0.755839735109689,-1.07243419008127
"603",603,-0.696750030578741,-0.909322766089335,-0.895816840969747
"604",604,-1.30885450735262,-1.29237784410168,-1.29664607830304
"605",605,-0.510804684555241,-0.646783367161316,-0.69693049720314
"606",606,-0.51893643559105,-0.603312846767858,-0.654016393667447
"607",607,-0.910781567156054,-0.753358425286382,-0.968043264838488
"608",608,-0.639099940622142,-0.686526501953629,-0.892518928973798
"609",609,-0.61183823606407,-0.711996419030546,-0.757839001645494
"610",610,-0.854037493182934,-0.86767715192424,-1.02535388651589
"611",611,-0.878966727656266,-0.81552364868827,-0.879514400526502
"612",612,-0.786557806078271,-0.984587203007914,-0.975649294270857
"613",613,-0.576438378394466,-0.686222812298658,-0.791497381053575
"614",614,-0.433373841391471,-0.545552445430258,-0.701245954170442
"615",615,-0.569275756917812,-0.665779628352,-0.682481947782031
"616",616,-0.615056769887372,-0.640433344493152,-0.850599558459959
"617",617,-0.671350209340267,-0.84440895522723,-0.879447634211353
"618",618,-0.474038769483061,-0.645188484335013,-0.694865235574605
"619",619,-1.05147614546344,-1.14378893592571,-1.24187504993979
"620",620,-0.48702132639847,-0.665855773483438,-0.676513160631672
"621",621,-1.28341695161942,-1.5383262003376,-1.49336481855525
"622",622,-0.591944419196869,-0.632913698554349,-0.648497371158856
"623",623,-0.690428312870853,-0.799408411403143,-0.765853758834272
"624",624,-0.804832497938269,-0.941252887177026,-1.21641023269532
"625",625,-0.579263200181173,-0.631153940436978,-0.758013917513721
"626",626,-0.988537063661675,-0.99006745059552,-1.21198243664436
"627",627,-0.567758348740319,-0.630474169595268,-0.669912266963356
"628",628,-0.782723195462745,-0.722637704749855,-0.979140068155965
"629",629,-0.629752236105741,-0.633446733434371,-0.75847483058934
"630",630,-0.677912215110352,-0.753633096139156,-0.740987484677182
"631",631,-0.338844778967319,-0.421609455259208,-0.583216816113796
"632",632,-1.16234152246481,-1.17709324272642,-1.36875845560217
"633",633,-0.501659866523308,-0.641829228180831,-0.672393378982698
"634",634,-0.512803268389604,-0.55492711180773,-0.75485462300937
"635",635,-1.18363389563649,-1.48257038765989,-1.55625124203082
"636",636,-0.540612873522064,-0.62988955017009,-0.905602988071801
"637",637,-0.599103119560809,-0.846911730584073,-1.00359180436333
"638",638,-0.527595244241442,-0.624711513474316,-0.812558444706937
"639",639,-0.760853541521896,-0.906379811751837,-0.982053696281407
"640",640,-0.525475395759201,-0.599651244546985,-0.750024424212238
"641",641,-0.556491419873385,-0.769044693924007,-0.794148046180536
"642",642,-0.726965253605773,-0.761274168975195,-1.12728163426934
"643",643,-0.769294672603537,-0.774510064608974,-0.875182272899349
"644",644,-0.814006627161605,-0.716147855348461,-0.920097318170592
"645",645,-0.637065125513066,-0.660079664198669,-0.836271629226007
"646",646,-0.418672254199832,-0.633768612651709,-0.748978937497849
"647",647,-0.998840800093023,-1.18240470461405,-1.22003184632307
"648",648,-0.595049152102033,-0.798780648562855,-0.84308018848968
"649",649,-0.547290867677231,-0.565683745460758,-0.731409001562806
"650",650,-0.735889276604037,-0.955139382860159,-0.958570379452663
"651",651,-0.419939522496398,-0.509046209648411,-0.572985993148962
"652",652,-0.579145330450961,-0.765447040160471,-0.717922665730543
"653",653,-0.402068512490005,-0.512493067981935,-0.58661997225226
"654",654,-0.679444331632771,-0.868549860352662,-1.00456791452233
"655",655,-1.07675256878314,-0.935806244641504,-1.33928694154141
"656",656,-0.274511618935049,-0.455921641013637,-0.447431535958722
"657",657,-0.682568355826938,-0.766182706584063,-0.822452117763948
"658",658,-0.312021810850754,-0.312167418753375,-0.564905412593811
"659",659,-0.428303292773402,-0.63464968009476,-0.65708974944619
"660",660,-0.475572376279253,-0.605184891824388,-0.778570474258848
"661",661,-1.25671119203278,-1.54744458179194,-1.39806814799046
"662",662,-0.362532448626026,-0.531634225026791,-0.596374464012058
"663",663,-0.924992618022446,-0.938278752508726,-1.04036421409393
"664",664,-0.558857598340871,-0.813155575406961,-0.658408707192088
"665",665,-1.59048623833392,-1.67844988257047,-1.59543315983649
"666",666,-0.457797263621734,-0.735210632074364,-0.718876751847009
"667",667,-0.825401629009419,-0.891399081964391,-0.959457271517146
"668",668,-0.34026204237922,-0.515790148244568,-0.491623847715242
"669",669,-0.745911386476325,-0.793589247308188,-0.780653863780608
"670",670,-0.940055928023968,-1.12059095184429,-1.24441518078109
"671",671,-0.890676863668775,-0.780967643409893,-0.959452531517355
"672",672,-0.559695058298446,-0.731659640350344,-0.916542891974966
"673",673,-0.506858873093333,-0.550313415647203,-0.608492644258177
"674",674,-0.478193053664022,-0.545292149957847,-0.707013604181619
"675",675,-0.485496957189701,-0.634856620135862,-0.732537501003888
"676",676,-0.26176759866237,-0.507664299589409,-0.553123727483197
"677",677,-1.39797287701904,-1.60539490076906,-1.57988605033447
"678",678,-1.26437375310571,-1.36481468064918,-1.39503750669581
"679",679,-0.581720538842108,-0.849227854933912,-0.889412108487589
"680",680,-0.377201758483074,-0.482818654166339,-0.619606601117035
"681",681,-0.480695191015285,-0.498154107046117,-0.61293843135978
"682",682,-0.889778306166143,-1.00146539133004,-1.0513503541059
"683",683,-0.62269259472021,-0.823118244063032,-0.875707920734789
"684",684,-0.702338815463565,-0.878975218836106,-1.01819668832921
"685",685,-0.510863331102661,-0.60379503369271,-0.618572005673322
"686",686,-0.703742888701598,-0.95116449605245,-0.966176490922627
"687",687,-0.920515215422603,-0.958778018499912,-1.04093893691533
"688",688,-1.20288848454608,-1.20779704784983,-1.37785434425679
"689",689,-0.492018396404926,-0.525144488741297,-0.785844226523847
"690",690,-0.773347592433933,-0.76642746430506,-0.843616908979728
"691",691,-0.684360133390112,-0.816449328212573,-0.752948129355744
"692",692,-0.866616217446551,-0.948972928180219,-1.05987190712442
"693",693,-0.516595666610662,-0.628088042057915,-0.762560019310371
"694",694,-0.902018879561958,-1.09287328067302,-1.04406612086739
"695",695,-0.288056163619015,-0.53688696703085,-0.581463073635288
"696",696,-1.05771815668912,-1.00990183634582,-1.38703813148117
"697",697,-0.588861479247733,-0.588567284625322,-0.843089718901289
"698",698,-1.07929408401092,-1.13119490545987,-1.3935258702404
"699",699,-0.633846800161554,-0.643748945528032,-0.939805643800952
"700",700,-0.831035973000965,-1.04170428069145,-1.19595666526501
"701",701,-0.742817063324187,-0.715055276339411,-0.970307967887573
"702",702,-0.7986796413165,-0.797434419148528,-0.874152386780438
"703",703,-1.02908610816023,-0.993805850101861,-1.08857630315854
"704",704,-0.573015969138592,-0.635575034480311,-0.812278272937799
"705",705,-0.374021076652353,-0.45030248922149,-0.515404349156969
"706",706,-0.520676539796947,-0.625383096610193,-0.653559509299678
"707",707,-0.888354291254734,-0.878835474909448,-0.977864816240072
"708",708,-0.647996767003481,-0.638769798438454,-0.802333281575555
"709",709,-0.63959139492474,-0.931394585069042,-0.884982125461784
"710",710,-0.830882431382106,-0.820269195069367,-1.00913046884107
"711",711,-1.37259390772981,-1.22649871512985,-1.45104037041518
"712",712,-0.342678367404189,-0.365139362391301,-0.59887599331652
"713",713,-0.318501420219146,-0.411072104013164,-0.487209305401987
"714",714,-1.47702768904167,-1.29204097371413,-1.47534521512009
"715",715,-1.02455407580399,-1.01539760244832,-1.30409292709999
"716",716,-0.462890813630527,-0.638956412487317,-0.744788584806266
"717",717,-0.617963457617712,-0.731015664634015,-0.824663385210803
"718",718,-0.604466989722092,-0.728787933886363,-0.806966691406114
"719",719,-0.33570521631318,-0.404992473480295,-0.493172896011232
"720",720,-0.550575258356316,-0.676696296502158,-0.701443195150482
"721",721,-0.505112266820586,-0.567004851992922,-0.658789597651987
"722",722,-0.947052540870597,-1.07742397805346,-1.22631159655212
"723",723,-0.902534251275792,-1.00091470759903,-1.24932906036238
"724",724,-0.641302279505014,-0.757243707596587,-0.838495273266596
"725",725,-0.488317612041162,-0.624832274484683,-0.684063007213575
"726",726,-0.604466504263426,-0.893927493565114,-0.946973921484841
"727",727,-0.400318408525495,-0.636054425643971,-0.748767600696794
"728",728,-0.760252497741572,-0.92057073445737,-0.949857939519165
"729",729,-0.45135001635489,-0.448670970354692,-0.642625304259277
"730",730,-0.495267395840516,-0.555808015211347,-0.670336102220281
"731",731,-0.805357008531887,-0.917184486765167,-0.998126860412181
"732",732,-0.620349018448847,-0.739934525024589,-0.729180131537649
"733",733,-0.466197091803581,-0.683271938141512,-0.652003693694748
"734",734,-0.725698531374805,-1.05607195510298,-1.08329482787626
"735",735,-0.698700782334873,-0.746858642616224,-0.876058381930691
"736",736,-0.520090958801525,-0.641656754583405,-0.78424534236226
"737",737,-0.538600048251443,-0.806999748991438,-0.817316799474194
"738",738,-0.815233957446327,-0.965719726998473,-0.970001895598969
"739",739,-0.818457363795663,-0.770387408219141,-0.947963343976656
"740",740,-0.648426870116843,-0.742603298503343,-0.947511558802727
"741",741,-0.792593345756042,-0.875317990175177,-0.972852695636635
"742",742,-0.833404460995906,-0.931587548159377,-0.937334399544778
"743",743,-0.982494320746062,-0.982155948216967,-1.02939765545237
"744",744,-1.18405159869002,-1.15172564617576,-1.17000656625526
"745",745,-0.722754043615353,-0.71767700254299,-0.991056252015642
"746",746,-0.615658774470794,-0.958009476739914,-0.822432654498043
"747",747,-0.45347967167863,-0.509366496082671,-0.614053930906784
"748",748,-0.825380393163881,-0.81748905922441,-1.10329426697309
"749",749,-0.663997357493294,-0.779657222092551,-0.914599586105386
"750",750,-0.656280933866406,-0.839126275023996,-0.742496990824325
"751",751,-0.57787374917567,-0.649197139923284,-0.710020400143888
"752",752,-0.696653822122159,-0.719779189602771,-0.973440236394713
"753",753,-0.613711705816453,-0.69207307392246,-0.816580932090085
"754",754,-0.70777469111008,-0.7752256701997,-0.87958369058388
"755",755,-0.439129189520257,-0.539269834039892,-0.626316221058029
"756",756,-0.514774292883077,-0.680317766669396,-0.685344132721035
"757",757,-0.71400353373696,-0.789473797935794,-0.959481340142507
"758",758,-0.794203887373093,-0.766782039637044,-1.01307527607543
"759",759,-0.539696397916879,-0.620453813987484,-0.870315111977642
"760",760,-0.785694316800352,-0.898903424374243,-1.21757885225835
"761",761,-0.434666707774615,-0.579558935333642,-0.680606958300488
"762",762,-0.625133845896294,-0.728298848420731,-0.853690126888875
"763",763,-0.90184685871034,-0.924797696060823,-1.01878914573003
"764",764,-1.09446667515107,-1.10375312804378,-1.25613536726529
"765",765,-0.911220721096915,-0.981233966583532,-1.16141841812353
"766",766,-1.1232220809147,-1.33063917924039,-1.35151228797062
"767",767,-1.33868720714943,-1.53349301696797,-1.60288521829179
"768",768,-0.433693602685846,-0.552532922337473,-0.646322904681284
"769",769,-0.815754084098886,-0.832803498491365,-1.07316688594104
"770",770,-0.838564329031477,-0.929709677490434,-1.20558040658348
"771",771,-0.875899740146708,-0.900958084782631,-1.07310511141111
"772",772,-0.630738056770573,-0.882823431955242,-0.826527665332479
"773",773,-0.699716494412088,-0.802065470043863,-0.941263074055756
"774",774,-0.852734907333611,-0.911458226441427,-1.00564772673498
"775",775,-0.666970797428823,-0.719012419200138,-0.846613744553943
"776",776,-0.578865215820447,-0.691588178318567,-0.694851036734813
"777",777,-0.455703140282371,-0.453446290456302,-0.670176028462931
"778",778,-1.27807533375068,-1.47186226192046,-1.47692417570393
"779",779,-0.934213994437835,-1.02850882762922,-1.09492409581677
"780",780,-0.848135328990136,-0.903288145056028,-1.06382911257076
"781",781,-1.03510702750947,-1.03625868886829,-1.05628747926377
"782",782,-0.453751847890353,-0.6666766757348,-0.667229775039588
"783",783,-0.583811826436518,-0.580369106885314,-0.630744727104776
"784",784,-1.74669342726132,-2.19274459061241,-2.20785259850008
"785",785,-0.540282913493521,-0.662397730788426,-0.775226758725586
"786",786,-0.543111027097303,-0.64166057730261,-0.832870639303252
"787",787,-0.275131324604573,-0.452508321675011,-0.586471839042731
"788",788,-1.42837812823268,-1.44525354668794,-1.58560788551344
"789",789,-0.778645964758841,-0.748202564293355,-0.921486805179872
"790",790,-0.365037866751598,-0.602204649147182,-0.573145922286535
"791",791,-1.04824380210014,-1.11370315584304,-1.03630231865658
"792",792,-0.687783691176301,-0.769019064030122,-0.89171018908541
"793",793,-0.344369128998452,-0.487539621413142,-0.516552738209403
"794",794,-0.787706901738971,-0.703406732289326,-0.801372402238819
"795",795,-1.41991395700609,-1.37820520328251,-1.78954166773724
"796",796,-0.632622237044567,-0.700488258437225,-0.82312953933833
"797",797,-0.888969787862116,-0.879300406259886,-1.15969323291389
"798",798,-0.987800510087339,-1.05160425549937,-1.24841471162612
"799",799,-0.837086291021003,-0.81056157873582,-1.0026841055931
"800",800,-0.939092529935436,-1.13652289000816,-1.26688700816956
"801",801,-0.578801475539516,-0.704268992069488,-0.717646682505349
"802",802,-1.18535951027275,-1.08701632152232,-1.09987951957778
"803",803,-0.793141843169161,-0.856985230469624,-1.06725395201915
"804",804,-0.581762319308896,-0.97742491225557,-0.761113263690367
"805",805,-0.894907221080901,-1.02252790169246,-1.06388045736654
"806",806,-0.438338830142107,-0.537893768558688,-0.670849801906899
"807",807,-0.616802844855256,-0.717281218954298,-0.762623671557153
"808",808,-0.488128219851958,-0.64491331383258,-0.640577133093357
"809",809,-0.44278244964595,-0.617977548828739,-0.670910066255336
"810",810,-1.95856063695798,-2.31204698680646,-2.18252899238432
"811",811,-0.644549736381075,-0.664131899065535,-0.829203008699554
"812",812,-0.53196475518843,-0.714978372344914,-0.747134987591546
"813",813,-0.747735375392642,-0.760663143149036,-0.941100112967514
"814",814,-0.60350254131417,-0.780012957724055,-0.855595070353774
"815",815,-0.568971973086861,-0.690177958877187,-0.957601104886073
"816",816,-0.641273395736084,-0.717735659652656,-1.0070022559899
"817",817,-0.789245098612883,-0.861792737604285,-0.961907141675399
"818",818,-0.352609474299957,-0.444348037664363,-0.567813882475465
"819",819,-0.609929303334563,-0.804481027270701,-0.781677956631371
"820",820,-0.761900763426754,-0.889661933138929,-1.02690432309002
"821",821,-0.334747994554626,-0.530958804255007,-0.586323128275216
"822",822,-0.502654855461298,-0.548984824134424,-0.748563600640037
"823",823,-0.404043871906844,-0.561733568021064,-0.577632732507285
"824",824,-0.439314756398777,-0.574397425832039,-0.539900665681348
"825",825,-0.938599211867258,-0.829203484599446,-1.03737267559437
"826",826,-0.853034121573376,-0.872931515994978,-0.966429568319279
"827",827,-0.746889151228163,-0.844368458521322,-0.967530026153986
"828",828,-0.340794803929837,-0.496613665897135,-0.637850459514456
"829",829,-0.350156092854085,-0.530432628954377,-0.552386027782908
"830",830,-0.671549825975074,-0.744241636690776,-0.937065637339653
"831",831,-1.1769774890475,-1.132596516872,-1.16956529722907
"832",832,-1.43613985700816,-1.35862535960272,-1.39444945003892
"833",833,-0.692591862569204,-0.769466010562347,-0.811452181750392
"834",834,-0.310111384957649,-0.449348906278003,-0.562920335050926
"835",835,-0.505010462354524,-0.662974468707935,-0.661003546275286
"836",836,-0.718536063316903,-0.888197822459772,-1.28253500689119
"837",837,-0.956587607289805,-0.970340129860521,-1.16068651420638
"838",838,-1.01992872866474,-1.33145065881349,-1.37867350519782
"839",839,-0.609711565430321,-0.703207469121654,-0.892375757662082
"840",840,-0.625305459409888,-0.787983504897757,-0.908459034578039
"841",841,-0.665532357017872,-0.697005695046179,-0.718094645562142
"842",842,-0.487893421884111,-0.630720469277126,-0.782826726294339
"843",843,-0.771157763418277,-0.643808858035489,-0.78866243661911
"844",844,-0.781482735986851,-1.0276660246205,-1.08232615681461
"845",845,-0.549081998320255,-0.742801879758717,-0.766323056024375
"846",846,-0.885668194353789,-1.20016379836463,-1.32430031567891
"847",847,-0.757582306252669,-0.797809855588424,-0.97532674841606
"848",848,-0.355994040804694,-0.574109452600888,-0.606913698057702
"849",849,-1.0596490845869,-1.19715197194414,-1.10063253584567
"850",850,-0.851741782632386,-1.05907249162082,-1.15373552798354
"851",851,-0.734035424882139,-0.913206940153163,-0.932991854718769
"852",852,-0.585257118269217,-0.665428676332267,-0.585755983179667
"853",853,-0.493590971179069,-0.646048945376292,-0.748144690425757
"854",854,-0.347054178242003,-0.485018640755537,-0.569684675317077
"855",855,-0.983421061059574,-1.08194926871593,-1.19034569732106
"856",856,-0.552322598662901,-0.695078467506252,-0.744916702252505
"857",857,-0.726674732115219,-0.711759388518374,-0.954137058657422
"858",858,-0.916789029110419,-0.991954043648436,-1.115361194271
"859",859,-0.920393983939398,-1.0275621148606,-1.17153299695439
"860",860,-0.617634827099303,-0.790306940913692,-1.03638611455863
"861",861,-0.340358374533635,-0.572662215606965,-0.541693729520982
"862",862,-0.698815630604381,-0.814899492722878,-0.84705422563516
"863",863,-1.01263468839007,-1.24880192835953,-1.34009605735161
"864",864,-0.328040890070804,-0.475797750471005,-0.508301445147345
"865",865,-0.510990859353277,-0.700857666159903,-0.81505119322814
"866",866,-0.973452599981885,-0.940576381970102,-1.03674216580331
"867",867,-0.704450433754768,-0.808652105504952,-1.01587725047301
"868",868,-0.394656493016895,-0.539778698450406,-0.541842210319466
"869",869,-0.538777840928691,-0.595167377124628,-0.701558485326844
"870",870,-0.602144932368658,-0.775178430157011,-0.884685220316468
"871",871,-0.716325215184198,-0.849750781801095,-0.854694312449582
"872",872,-1.27237634042572,-1.45313037798956,-1.53229719337768
"873",873,-0.793466371246832,-0.779024202285439,-0.758984051181752
"874",874,-0.84097825903149,-0.951388155305251,-1.02490442147254
"875",875,-0.592661967807225,-0.734585820830898,-0.816635631886473
"876",876,-0.508564126756341,-0.617356547294731,-0.889113920105055
"877",877,-0.715659956597177,-0.856003331699572,-1.04913186087233
"878",878,-0.493045909915633,-0.528493589294838,-0.724368427089824
"879",879,-0.595070025261259,-0.687997366888941,-0.781592556058806
"880",880,-0.353167134940468,-0.45491486145854,-0.597393516403911
"881",881,-0.568945600193708,-0.736133702291224,-0.863018902998885
"882",882,-0.704015060808178,-0.933569602494936,-1.02158758462327
"883",883,-0.765596916829249,-0.73514842676664,-0.817886556673876
"884",884,-0.310529783089317,-0.476158506858318,-0.514460562942293
"885",885,-0.630188210850779,-0.617803180849284,-0.819794560200297
"886",886,-0.444353287267745,-0.509404223130869,-0.722827455510072
"887",887,-0.534445475904428,-0.598771637041967,-0.701371241600148
"888",888,-0.888789571891281,-1.01310471340092,-0.956776128989303
"889",889,-0.531047826959724,-0.617427520226812,-0.75121675812163
"890",890,-0.645856670497382,-0.798883354907036,-0.67837192573152
"891",891,-0.457947765931524,-0.52370063714862,-0.693786949853192
"892",892,-0.777898456136332,-0.922425946986109,-1.00545109534101
"893",893,-0.411023135031119,-0.481687618410298,-0.693285315018914
"894",894,-1.30275796023031,-1.22073717584285,-1.49174234690278
"895",895,-0.614529656620175,-0.743031103743218,-0.823369845688117
"896",896,-0.857614365655522,-1.05767951404752,-0.995717516652727
"897",897,-0.362123007857155,-0.482843926016766,-0.618916809257736
"898",898,-0.955221056982435,-0.886710755896606,-0.903593336166769
"899",899,-0.309939971936874,-0.461935200155804,-0.471848677122862
"900",900,-0.824008551290137,-0.756341407546298,-0.883597267886625
"901",901,-0.979117639054941,-0.97062434696116,-1.16427670815179
"902",902,-0.820279893558532,-0.917280326017459,-1.04013107188227
"903",903,-0.404621524829977,-0.511785232729252,-0.624585569974758
"904",904,-0.806861722319596,-0.818545054816453,-0.815340855604641
"905",905,-1.25950754662414,-1.19900749158569,-1.13951565296684
"906",906,-0.540509424074776,-0.810377465106455,-0.803728737658404
"907",907,-0.720516062198701,-0.823452664603248,-0.893035945331212
"908",908,-0.417714144701997,-0.572995281976489,-0.676331747792055
"909",909,-0.572638096284116,-0.648171783829527,-0.802672592594644
"910",910,-0.420378009632455,-0.638873413460684,-0.761240452691836
"911",911,-0.45271462001982,-0.53419583047344,-0.558418696803766
"912",912,-0.449395956671765,-0.583153661181324,-0.586342272516721
"913",913,-0.73277265162111,-0.775357368540905,-0.897121482046519
"914",914,-0.47249977089096,-0.47859079035176,-0.776308854751001
"915",915,-0.612720526665976,-0.793129235989731,-0.765833092786512
"916",916,-0.786483242440981,-0.823543841924093,-1.05643978233478
"917",917,-1.45670182044467,-1.27926306289307,-1.41730149069313
"918",918,-1.78639596159643,-1.82985343256483,-1.98599206252141
"919",919,-1.21234338133483,-1.3161906288794,-1.41634228350076
"920",920,-0.626022435812946,-0.679752098622615,-0.812905222242241
"921",921,-0.266968829980805,-0.376337924543797,-0.539834602481124
"922",922,-0.567823020865671,-0.611704087528157,-0.756286277861234
"923",923,-1.27674122412771,-1.58659376535103,-1.52239975475749
"924",924,-0.596365586534061,-0.824712514902696,-0.928144835869989
"925",925,-0.460873397790112,-0.654387375790921,-0.733457770430835
"926",926,-0.693278373631355,-0.669943248315373,-0.909857520405046
"927",927,-0.468601384067302,-0.634452753938154,-0.663268565026782
"928",928,-1.01864903619469,-1.06561688460996,-1.1579638581887
"929",929,-0.546595204666203,-0.707924294834285,-0.761885682532007
"930",930,-0.479870283344627,-0.60138177618858,-0.652112760701673
"931",931,-0.76334760207088,-0.813490705930353,-0.77403420974683
"932",932,-0.74379822003706,-0.725000979888957,-0.897163059292267
"933",933,-0.432647673168074,-0.698424849413483,-0.666416982924168
"934",934,-0.960514451206339,-1.04857651997979,-1.23290055109127
"935",935,-0.456343915831009,-0.559590034708236,-0.652710111728716
"936",936,-0.54074542742736,-0.64200145624604,-0.877466457487795
"937",937,-0.512006258400495,-0.615637369894599,-0.734813199295177
"938",938,-0.713622835794495,-0.7656168654417,-0.869839904631851
"939",939,-0.92457285626552,-1.01700678416491,-1.31508270327419
"940",940,-0.577569819462572,-0.77433972240572,-0.788697916949686
"941",941,-0.261623090192697,-0.36649866460273,-0.479980918702477
"942",942,-2.3260091971837,-2.32102604545939,-2.39395844265069
"943",943,-1.5145785744432,-1.31689435288308,-1.46242167528108
"944",944,-1.07571927669655,-1.06791978423218,-1.17724418206767
"945",945,-0.454633717238438,-0.576981597761901,-0.607628380425735
"946",946,-1.16240920990688,-1.16430469209435,-1.13370134848462
"947",947,-0.632466166947072,-0.764359056138606,-0.755227033669636
"948",948,-0.403899801554066,-0.546098531651464,-0.612453307740499
"949",949,-0.403696240785849,-0.522696107663409,-0.561766146919085
"950",950,-0.573302381246006,-0.790883596054697,-0.867655387779295
"951",951,-1.02848048001177,-1.1136370473799,-1.14015938016178
"952",952,-0.354168992163111,-0.442771100344954,-0.438128334486532
"953",953,-0.837216646381324,-0.892104517590901,-1.03129964428063
"954",954,-0.396278561071436,-0.554646686084652,-0.666459273590608
"955",955,-0.607040085370236,-0.773538693418105,-0.805493829242451
"956",956,-0.593805929859137,-0.697483932011744,-0.723056805352468
"957",957,-0.929688102565142,-1.01028686843524,-1.10514389742904
"958",958,-0.626789687317779,-0.647206218118856,-0.757629205004021
"959",959,-0.547061947242371,-0.706048313888927,-0.80992232844883
"960",960,-0.696448024145314,-0.76335375693322,-0.929907143220196
"961",961,-0.535363131081293,-0.643628236969067,-0.683036570078722
"962",962,-1.29563894549042,-1.24347503918669,-1.56541336991639
"963",963,-0.744908719494376,-0.80423114570309,-0.882921515160062
"964",964,-0.543976573772737,-0.679911641272616,-0.932693760959474
"965",965,-0.760558953659654,-0.996773139897894,-1.05535723112608
"966",966,-0.836485568611128,-0.87781810693976,-1.07330543423059
"967",967,-0.740738666095252,-0.845772426296355,-1.15991531162825
"968",968,-0.502978319576737,-0.603765283981865,-0.643002477137021
"969",969,-0.62937451082661,-0.692564354713815,-0.835911839447518
"970",970,-2.23351324923135,-1.931636996625,-2.18991257947101
"971",971,-0.54113177241264,-0.58784399611598,-0.801183251976133
"972",972,-0.739295856174111,-0.734194345763299,-1.02464870223477
"973",973,-0.66544142058579,-0.735545835577478,-0.79575254946712
"974",974,-0.793132377306664,-0.815575425505173,-0.904952914362887
"975",975,-0.659629466856497,-0.701053799445587,-0.929224497864517
"976",976,-0.259584650362752,-0.38233735771315,-0.38403234179599
"977",977,-1.73835518191405,-1.86598939928882,-2.13692893165305
"978",978,-0.451739892870991,-0.644403476655479,-0.688622358385773
"979",979,-0.545443894459479,-0.601627427116115,-0.741662760908143
"980",980,-0.585090683889589,-0.703126730564019,-0.731289821091106
"981",981,-0.874495331304004,-1.01701556470557,-1.16069788858384
"982",982,-0.487409722879142,-0.553127082425115,-0.660429306875207
"983",983,-1.36633701814082,-1.63063743799748,-1.83579608668163
"984",984,-0.51704208566661,-0.627015795229021,-0.665452447041173
"985",985,-0.754805252636505,-0.695502796462218,-0.892742035443534
"986",986,-0.938437285108235,-1.06014075413994,-1.10318634127087
"987",987,-0.801086123580823,-0.760875998490012,-0.957383456690671
"988",988,-0.398315164060774,-0.505547073100707,-0.676847579231287
"989",989,-0.759594395214667,-0.78387766831793,-1.11638573224869
"990",990,-0.632648012266511,-0.740407384879409,-0.869457397262096
"991",991,-1.45466546199902,-1.28649180123727,-1.43221461162531
"992",992,-1.19714786811839,-1.05202905640866,-1.20767974793194
"993",993,-0.461703345725865,-0.530304521028108,-0.627071206668896
"994",994,-0.792896181977705,-0.898599106182052,-1.10584712270656
"995",995,-0.37182590091376,-0.426903155126267,-0.543031316052245
"996",996,-0.199816093471967,-0.326687714022959,-0.419629520154127
"997",997,-0.927340367111186,-0.888727249970545,-0.952488981016636
"998",998,-1.02846030952252,-0.913729601264547,-1.15548862440092
"999",999,-0.439818257895775,-0.52958335846819,-0.527372000583921
"1000",1000,-1.0557475496066,-1.06716070873915,-1.01934900808075
