,boot,coef_lag0,coef_lag1,coef_lag2,sum
1,1,0.918487982,0.842973757,0.703486639,2.464948378
2,2,0.734683028,0.730775011,0.829793613,2.295251651
3,3,1.257331441,1.041501812,1.167168039,3.466001292
4,4,1.136273129,0.896533918,1.219131683,3.25193873
5,5,1.003869976,0.835577547,0.950228479,2.789676002
6,6,1.638199101,1.433752735,1.359291042,4.431242878
7,7,1.30471778,1.236233115,1.276902634,3.81785353
8,8,1.006008092,0.697231948,0.899186872,2.602426913
9,9,2.485083514,2.523010424,2.59819031,7.606284248
10,10,0.540524212,0.40466549,0.506398126,1.451587828
11,11,0.480546725,0.253964634,0.485371558,1.219882917
12,12,1.215606191,1.053367858,1.095494951,3.364469
13,13,0.807883358,0.831104195,0.929361883,2.568349437
14,14,0.900838245,1.001777661,1.242374709,3.144990615
15,15,0.986717455,0.910261774,1.134454741,3.03143397
16,16,1.117246671,1.078950872,1.121674021,3.317871565
17,17,0.928618999,0.70583477,0.846047531,2.4805013
18,18,1.205355127,1.233981702,1.076013543,3.515350372
19,19,0.871117835,0.815630225,0.652585587,2.339333647
20,20,1.036021887,0.802408517,1.12799189,2.966422294
21,21,0.563620031,0.381956127,0.606366652,1.551942811
22,22,0.69390131,0.659603334,0.824016164,2.177520807
23,23,0.984921976,0.97559464,0.938481323,2.898997939
24,24,0.968516153,0.887149377,1.04688106,2.90254659
25,25,0.495778483,0.517385915,0.694037909,1.707202308
26,26,0.495251804,0.509951258,0.56827423,1.573477292
27,27,1.030465875,0.834979454,1.089110925,2.954556254
28,28,0.832735166,0.985970398,0.98821663,2.806922194
29,29,1.131132179,1.08687689,1.548560836,3.766569905
30,30,1.686786753,1.717546302,1.716410798,5.120743853
31,31,0.468393408,0.49035758,0.468072716,1.426823703
32,32,1.545334651,0.976336074,1.342646647,3.864317372
33,33,0.603502346,0.541801532,0.526593101,1.671896979
34,34,0.882567058,0.718530589,0.921436259,2.522533906
35,35,1.31040092,1.065016433,1.294711287,3.67012864
36,36,1.020778865,0.924673491,1.114253494,3.05970585
37,37,0.828277942,0.77063723,0.947545602,2.546460774
38,38,1.481801383,1.507058239,1.478585883,4.467445505
39,39,1.80447702,1.746150046,1.667849623,5.218476689
40,40,0.657628245,0.611336614,0.753398403,2.022363262
41,41,0.718639836,0.574656325,0.767763412,2.061059572
42,42,1.220382035,1.011979048,1.318329325,3.550690409
43,43,0.979584557,0.912088538,0.845172015,2.736845111
44,44,0.626880346,0.598465633,0.613111137,1.838457115
45,45,0.931141427,0.798301289,0.736838377,2.466281093
46,46,0.740897311,0.818809514,0.874628612,2.434335437
47,47,1.339688068,1.007100431,1.298704277,3.645492776
48,48,1.36645302,1.519662737,1.509451836,4.395567593
49,49,0.432569721,0.455724068,0.58860732,1.476901109
50,50,0.923182066,0.785951764,0.958193883,2.667327713
51,51,1.478932122,1.334116162,1.531682104,4.344730388
52,52,0.667858326,0.658243419,0.445546694,1.771648439
53,53,1.927782772,2.021293206,1.943369046,5.892445024
54,54,1.089039533,0.865289221,0.924760888,2.879089642
55,55,0.973337283,0.731884605,0.840189345,2.545411234
56,56,0.70966056,0.522288324,0.737739908,1.969688792
57,57,0.579716104,0.510314386,0.612133568,1.702164058
58,58,0.762812874,0.644186609,0.769637956,2.176637439
59,59,1.029205249,0.743746575,1.10926512,2.882216944
60,60,0.864981162,0.864622971,0.896236943,2.625841076
61,61,1.245787597,0.929210432,1.179269133,3.354267163
62,62,0.810860813,0.576129604,0.792117131,2.179107548
63,63,0.710839244,0.526521527,0.73826053,1.975621302
64,64,0.251228261,0.271412774,0.184388862,0.707029897
65,65,0.971228914,0.688024172,1.013554647,2.672807733
66,66,0.898209896,0.777697694,1.141880997,2.817788588
67,67,0.908391679,0.934575337,0.886831104,2.72979812
68,68,0.759195287,0.624296729,0.603336157,1.986828174
69,69,0.917296446,0.74323062,0.912338476,2.572865543
70,70,1.259677134,1.062279893,1.192071924,3.514028951
71,71,0.881686083,0.74148068,0.759914822,2.383081586
72,72,0.439749153,0.274108509,0.734292809,1.448150471
73,73,1.009748525,0.96954182,1.12092294,3.100213285
74,74,1.063263781,0.878099264,1.138109555,3.0794726
75,75,1.132086072,0.778697486,1.107839033,3.018622591
76,76,0.65327164,0.823710684,0.892868924,2.369851247
77,77,2.009046569,1.783273081,2.042591044,5.834910695
78,78,0.878360079,0.82305023,1.028394784,2.729805092
79,79,1.072553392,0.961938727,1.175160112,3.209652232
80,80,0.84869027,0.645393928,0.92317168,2.417255878
81,81,0.596444,0.650411589,0.752851833,1.999707422
82,82,0.839213471,0.673664177,0.672973427,2.185851075
83,83,0.576114517,0.501617718,0.54567469,1.623406925
84,84,1.352684194,1.224356377,1.571040033,4.148080605
85,85,1.660150217,1.614275156,1.700900667,4.97532604
86,86,0.936015792,0.919269946,1.086305824,2.941591562
87,87,0.989360819,0.741279692,0.865176401,2.595816913
88,88,0.876103522,0.746724075,1.135269648,2.758097245
89,89,1.189998342,0.983521214,1.033787899,3.207307454
90,90,0.439301744,0.364065649,0.344151197,1.14751859
91,91,0.984069414,0.980688978,1.003470908,2.968229301
92,92,0.78777796,0.691680748,0.687326514,2.166785222
93,93,0.680100846,0.503559642,0.774092135,1.957752623
94,94,1.198226928,0.882469089,1.166958127,3.247654143
95,95,0.7932896,0.661658175,0.99219862,2.447146394
96,96,1.294150301,1.09930001,1.267446692,3.660897003
97,97,0.818529381,0.645206543,0.809197904,2.272933829
98,98,1.355525757,1.368094962,1.459611979,4.183232698
99,99,1.027280751,0.986882545,1.228064288,3.242227585
100,100,2.191842056,1.847218005,2.011707475,6.050767537
101,101,0.982086078,0.84316328,1.117596025,2.942845382
102,102,0.740288627,0.573008744,0.540423631,1.853721002
103,103,0.470440606,0.405925272,0.45450394,1.330869818
104,104,0.742199173,0.678971243,0.843353079,2.264523495
105,105,1.273380257,0.963293694,0.914535581,3.151209531
106,106,0.671506384,0.59904044,0.636135126,1.90668195
107,107,0.765223772,0.756452234,0.661159339,2.182835345
108,108,0.667071874,0.707399949,0.75663331,2.131105133
109,109,0.998605587,0.747341051,1.034926144,2.780872782
110,110,1.260581993,1.046173382,1.15998357,3.466738945
111,111,1.013918141,0.908943095,1.081941225,3.004802461
112,112,1.017212087,0.704604491,0.853574891,2.57539147
113,113,0.633504128,0.625946379,0.647990706,1.907441213
114,114,1.108640343,0.95136113,1.061177694,3.121179167
115,115,0.696289511,0.67061258,0.533593031,1.900495122
116,116,0.812082002,0.560499169,0.591316936,1.963898107
117,117,0.819052896,0.763289154,0.91223401,2.49457606
118,118,0.888762436,0.887495042,1.031957591,2.808215069
119,119,1.229805196,1.023554031,1.283940974,3.5373002
120,120,1.205904659,1.044309771,1.194261038,3.444475468
121,121,1.73213453,1.520999848,1.79966206,5.052796438
122,122,0.811773793,0.595690083,0.879056479,2.286520355
123,123,1.238826121,1.050258821,1.307599762,3.596684704
124,124,1.104522663,0.980521517,1.280182129,3.365226309
125,125,0.922498469,0.736005102,1.152039669,2.810543241
126,126,1.142730923,0.851286777,1.009824059,3.003841759
127,127,1.150877898,1.019425589,1.133519399,3.303822886
128,128,0.859153336,0.708201167,0.760481719,2.327836222
129,129,0.769563236,0.740898759,0.801452125,2.31191412
130,130,1.377657958,1.440927558,1.323658826,4.142244341
131,131,0.8751589,0.966892345,0.946407712,2.788458958
132,132,0.933384516,0.636695413,0.912452234,2.482532163
133,133,0.553837671,0.434515564,0.552779614,1.541132848
134,134,1.286404442,0.976834479,1.200801721,3.464040643
135,135,1.048493461,0.815117603,1.08276261,2.946373674
136,136,1.53341357,1.566012342,1.655838629,4.755264542
137,137,0.808954286,0.811942664,0.914610714,2.535507664
138,138,1.034097269,1.091624032,1.147040906,3.272762207
139,139,1.444707305,1.320750335,1.628585942,4.394043582
140,140,0.861200882,0.867462488,0.870632252,2.599295623
141,141,0.672721014,0.495397555,0.726302757,1.894421326
142,142,0.857777236,0.693609284,0.837369099,2.388755618
143,143,1.018108531,0.984626505,0.970484245,2.973219281
144,144,0.492980486,0.385981684,0.569302292,1.448264462
145,145,1.680202928,1.461090094,1.600482549,4.741775571
146,146,0.502463552,0.558921253,0.571265599,1.632650404
147,147,2.197477709,2.320420625,1.995337401,6.513235736
148,148,1.353253198,1.076775474,0.985365422,3.415394095
149,149,2.006777676,2.060951899,2.182182081,6.249911655
150,150,1.114424049,1.079483417,1.362562923,3.55647039
151,151,0.70101617,0.726869925,0.625193601,2.053079696
152,152,1.090367265,0.828921222,0.97813341,2.897421897
153,153,2.708604107,2.105476168,2.399267731,7.213348006
154,154,1.317252749,0.962090876,1.318958774,3.598302399
155,155,0.937431087,1.037662876,1.011962676,2.987056639
156,156,0.599067934,0.49110929,0.464144561,1.554321785
157,157,0.895598095,1.001658305,1.152348897,3.049605297
158,158,1.066086506,0.947474324,0.999565376,3.013126206
159,159,0.751348191,0.749695402,0.550365427,2.05140902
160,160,0.961609708,0.660515218,0.825893537,2.448018463
161,161,1.50545321,1.273036675,1.333168254,4.111658139
162,162,0.663559513,0.561738669,0.448619468,1.67391765
163,163,0.788273442,0.745424764,1.020306009,2.554004215
164,164,0.757718265,0.666415202,1.033470792,2.457604259
165,165,0.795464021,0.512187866,0.647701222,1.955353109
166,166,0.952274679,0.807611523,0.995858373,2.755744575
167,167,0.507008661,0.415975311,0.465499515,1.388483487
168,168,1.020519435,0.980585132,1.120976388,3.122080955
169,169,1.698899078,1.405289699,1.932599777,5.036788553
170,170,0.967820703,0.767290426,1.060412756,2.795523885
171,171,0.849769818,0.678633788,1.230933712,2.759337318
172,172,0.656232922,0.694546494,0.830333817,2.181113233
173,173,1.097832277,0.894002463,0.855187375,2.847022114
174,174,0.904829205,0.879497281,0.96030235,2.744628836
175,175,0.936901567,0.695015357,1.009379714,2.641296638
176,176,1.485218744,1.392564538,1.871836246,4.749619528
177,177,0.713528485,0.590229422,0.7081488,2.011906707
178,178,0.838147094,0.62521438,0.827072778,2.290434253
179,179,1.195536542,1.146589016,1.384798188,3.726923746
180,180,1.140369055,1.011487433,1.217326308,3.369182795
181,181,1.228519916,1.206179132,1.383756449,3.818455498
182,182,0.726956055,0.606329001,0.771000268,2.104285324
183,183,1.220902738,1.061297157,1.347248715,3.629448611
184,184,0.749408285,0.775226769,0.929350233,2.453985287
185,185,1.199609384,1.123432393,1.290830785,3.613872562
186,186,0.84422889,0.698985063,0.842656219,2.385870172
187,187,0.847082524,0.658293532,0.899318211,2.404694268
188,188,1.291054424,1.020126882,1.343590033,3.654771339
189,189,0.887834736,0.813704182,0.869109988,2.570648907
190,190,0.73146166,0.646675234,0.708717565,2.086854459
191,191,1.10716083,0.810657224,1.047612059,2.965430113
192,192,1.290493573,1.304439719,1.201211826,3.796145118
193,193,0.531763537,0.405176543,0.460026521,1.396966602
194,194,1.183320075,1.021369635,1.058733072,3.263422781
195,195,1.224327813,1.096187331,1.328079565,3.648594709
196,196,0.921523514,0.949540712,1.030073106,2.901137333
197,197,1.294906359,1.115293309,1.168358728,3.578558396
198,198,2.854015877,2.570676366,2.481470142,7.906162385
199,199,0.416072366,0.408135642,0.420188057,1.244396064
200,200,2.494472511,2.226962482,2.174004907,6.895439899
201,201,0.897262589,0.926897133,0.986953797,2.811113519
202,202,0.772074712,0.738652333,0.878697914,2.389424959
203,203,0.637512451,0.500233379,0.583631872,1.721377702
204,204,1.218050432,0.939805349,1.236602454,3.394458235
205,205,1.103347058,1.009008968,1.439126697,3.551482723
206,206,0.577321321,0.483951173,0.553221982,1.614494476
207,207,0.762367167,0.689304132,0.89043861,2.34210991
208,208,1.194972157,1.022169407,1.316503437,3.533645002
209,209,1.084699987,1.0468227,1.2153885,3.346911187
210,210,1.116204473,0.841764945,1.12077989,3.078749307
211,211,0.860840377,0.722207697,0.713138901,2.296186976
212,212,0.611081662,0.913390038,0.946584575,2.471056276
213,213,0.508573,0.549466231,0.672908836,1.730948068
214,214,0.807235533,0.800059874,0.81067681,2.417972217
215,215,0.83634797,0.606165258,0.960658106,2.403171333
216,216,0.58802704,0.525883204,0.687256422,1.801166666
217,217,0.77513285,0.624647059,0.840686759,2.240466668
218,218,0.70323517,0.707980498,0.726502656,2.137718324
219,219,0.702950511,0.498434566,0.6178653,1.819250377
220,220,0.905381598,0.840870463,0.689211908,2.435463969
221,221,0.919519326,0.767468144,1.105913457,2.792900927
222,222,1.055121015,1.083878449,1.189695294,3.328694759
223,223,0.905614572,0.811884516,0.89204195,2.609541037
224,224,1.4283499,1.127035825,1.247253257,3.802638982
225,225,0.999973946,0.812039987,0.901152093,2.713166027
226,226,0.543730494,0.473606247,0.465266376,1.482603116
227,227,0.911369469,0.756848429,1.04945044,2.717668339
228,228,0.434648909,0.424173301,0.80155736,1.66037957
229,229,0.879561396,0.649183509,0.921740848,2.450485753
230,230,0.958802963,0.857067037,0.858589934,2.674459934
231,231,0.877970557,0.802970825,0.80924118,2.490182562
232,232,0.367694875,0.22553762,0.419569838,1.012802333
233,233,1.385099689,1.189627508,1.476483673,4.051210871
234,234,0.749002427,0.640419086,0.790559959,2.179981472
235,235,0.457283962,0.581586381,0.759603589,1.798473932
236,236,1.15163886,1.112728391,1.344951726,3.609318977
237,237,1.306097592,1.2146052,1.323258429,3.84396122
238,238,0.825217269,0.784987475,0.774516089,2.384720834
239,239,0.821704163,0.783779163,0.936064142,2.541547467
240,240,0.541814587,0.357386083,0.471497672,1.370698342
241,241,1.288679523,1.26509481,1.213568018,3.76734235
242,242,1.529143811,1.40820395,1.529986324,4.467334084
243,243,1.199947306,0.997994787,1.257672321,3.455614414
244,244,0.642793522,0.513478072,0.633049674,1.789321268
245,245,2.079315358,1.940978961,2.048027838,6.068322157
246,246,1.064523508,1.327982181,1.261775352,3.65428104
247,247,1.161154309,1.132630849,1.231247138,3.525032295
248,248,1.268833943,1.146619566,1.239198623,3.654652132
249,249,1.539501753,1.332411451,1.485177524,4.357090727
250,250,2.033350416,1.932510333,2.244816639,6.210677388
251,251,0.459377121,0.51033186,0.714234052,1.683943034
252,252,1.706450283,1.407301054,1.762024067,4.875775404
253,253,0.64728699,0.557240109,0.76337933,1.967906429
254,254,0.690468553,0.598433212,0.724912591,2.013814355
255,255,0.747241074,0.655878619,0.790490425,2.193610118
256,256,0.718619866,0.679077469,0.9024924,2.300189735
257,257,0.644719158,0.601719292,0.809083314,2.055521764
258,258,0.670893885,0.549137998,0.568759515,1.788791398
259,259,0.639269111,0.677947091,0.906239359,2.223455561
260,260,2.30680216,1.845749988,2.247305779,6.399857927
261,261,0.465552054,0.403305897,0.577026991,1.445884942
262,262,1.1406266,1.192268213,1.30130535,3.634200163
263,263,1.398127113,1.244108302,1.247073908,3.889309323
264,264,0.399483993,0.35670773,0.587773161,1.343964885
265,265,1.497799735,1.050506969,1.295230376,3.84353708
266,266,0.788830155,0.597866868,0.701627835,2.088324859
267,267,0.799314445,0.589748541,0.792474656,2.181537642
268,268,1.271968287,1.081812226,1.080040216,3.433820729
269,269,1.332548838,0.970192963,1.26793453,3.570676332
270,270,0.806031433,0.730450769,0.915898683,2.452380885
271,271,2.216022297,2.499742438,2.415996471,7.131761207
272,272,1.715187741,1.40565591,1.46075579,4.581599441
273,273,0.656118157,0.572238225,0.640842863,1.869199246
274,274,1.072779171,0.937197731,1.129370469,3.139347371
275,275,1.270951369,1.203088876,1.059595201,3.533635445
276,276,0.742947102,0.675396456,0.685627827,2.103971385
277,277,0.74041805,0.616543563,0.767406958,2.124368572
278,278,1.206863145,1.181160177,1.379504497,3.767527819
279,279,0.839852346,0.76831974,1.017657588,2.625829674
280,280,1.209592969,1.109748326,1.003588061,3.322929356
281,281,1.778204162,1.411378375,1.63828729,4.827869826
282,282,0.903941708,0.827524273,0.939484553,2.670950534
283,283,0.888952012,0.71614267,1.081711347,2.686806029
284,284,0.698548137,0.68459945,0.891084115,2.274231702
285,285,0.870902371,0.733138405,0.905672776,2.509713551
286,286,0.890019819,0.907020559,0.844170857,2.641211234
287,287,0.817069054,0.517856588,0.81192558,2.146851222
288,288,0.807527681,0.637752361,1.066043168,2.511323209
289,289,0.503677072,0.463356674,0.621591936,1.588625682
290,290,0.862511503,0.792273561,1.21393078,2.868715844
291,291,0.954323012,0.773035035,0.993549841,2.720907888
292,292,0.547031545,0.606732429,0.639120506,1.79288448
293,293,0.606554577,0.475385539,0.532728729,1.614668846
294,294,0.885061033,0.874800657,1.073187119,2.833048809
295,295,1.157272407,1.057412876,1.17032541,3.385010693
296,296,0.918028025,0.785695472,0.73121891,2.434942407
297,297,0.406882247,0.308673428,0.454167075,1.16972275
298,298,0.828163711,0.935056799,1.008953077,2.772173586
299,299,1.357036663,1.095452096,1.345367053,3.797855812
300,300,0.699660614,0.526806052,0.696609115,1.923075782
301,301,1.479400311,1.153659807,1.418687315,4.051747433
302,302,1.305858978,1.051731909,1.368551727,3.726142614
303,303,0.455654766,0.374340517,0.481731766,1.311727049
304,304,1.527899424,1.494070885,1.3484912,4.370461509
305,305,1.767104564,1.679239296,1.76164594,5.207989799
306,306,1.000537255,0.814415618,1.139459197,2.95441207
307,307,0.428446568,0.51754692,0.575426024,1.521419513
308,308,0.653877581,0.712815456,0.776780143,2.14347318
309,309,0.580345547,0.441965641,0.837719882,1.860031069
310,310,0.77335237,0.627147456,0.844035857,2.244535683
311,311,0.665398954,0.57190237,0.610569585,1.847870909
312,312,0.944234479,0.783688387,0.922243556,2.650166422
313,313,1.650900352,1.697113772,1.911204111,5.259218235
314,314,2.112010812,1.769256728,1.914648511,5.79591605
315,315,0.681018195,0.538161954,0.775352811,1.994532959
316,316,0.912296251,0.676606362,0.919093224,2.507995838
317,317,1.600026708,1.309923223,1.332046364,4.241996295
318,318,0.537681635,0.398999843,0.572519428,1.509200906
319,319,1.255039149,1.047029493,1.193075685,3.495144327
320,320,1.151937712,0.716349061,1.014754589,2.883041362
321,321,1.224060793,1.087046077,1.204034896,3.515141766
322,322,0.988212871,0.869045092,0.861527133,2.718785097
323,323,0.925702793,1.166357355,1.15776441,3.249824558
324,324,1.518472467,1.440041141,1.454393589,4.412907197
325,325,0.599826296,0.446156191,0.54747389,1.593456377
326,326,0.9576563,1.141121116,1.237109526,3.335886941
327,327,1.192744695,1.211650318,1.159845955,3.564240968
328,328,1.555211201,1.525852191,1.689587268,4.77065066
329,329,0.622569747,0.687635105,0.656871273,1.967076126
330,330,1.040705874,0.850770435,0.937447409,2.828923717
331,331,0.954732383,0.948211844,1.039660644,2.942604871
332,332,1.185837563,1.239910427,1.586507008,4.012254998
333,333,1.731672484,1.527370252,1.848270085,5.10731282
334,334,1.165551906,0.868588511,0.874556359,2.908696776
335,335,0.99327659,0.73891509,1.092706397,2.824898077
336,336,1.021304097,1.137086315,1.341664469,3.500054881
337,337,0.4329131,0.429169077,0.616832057,1.478914234
338,338,0.913885561,0.63453571,0.884453879,2.43287515
339,339,0.807723793,0.646789185,0.943441405,2.397954382
340,340,0.592878805,0.627963536,0.512034787,1.732877128
341,341,0.671931996,0.492154513,0.643085989,1.807172498
342,342,0.904909814,0.817706789,0.837692376,2.560308979
343,343,1.091257814,1.045561594,1.228960408,3.365779816
344,344,0.560279971,0.384466653,0.609921249,1.554667874
345,345,2.526425397,2.871597165,2.93056371,8.328586272
346,346,1.008544977,1.012995287,1.095685251,3.117225516
347,347,0.920418611,0.884705215,0.877640395,2.682764221
348,348,0.931912203,0.893319045,1.109841914,2.935073162
349,349,1.053121426,1.034635221,1.188602833,3.27635948
350,350,0.636629922,0.464422724,0.666955644,1.76800829
351,351,1.030212316,1.039647185,1.164018234,3.233877735
352,352,1.737475058,1.492475603,1.802328359,5.032279021
353,353,0.624951269,0.461450681,0.645670726,1.732072677
354,354,1.151090302,1.016978923,1.376835697,3.544904922
355,355,1.10132357,0.877134905,1.100684835,3.07914331
356,356,0.634910647,0.543708233,0.510010392,1.688629273
357,357,0.674285536,0.726736795,0.701052597,2.102074928
358,358,1.028124907,0.709730801,0.947429008,2.685284716
359,359,0.542737835,0.574608012,0.658204095,1.775549942
360,360,1.137952553,1.097128468,1.237706039,3.47278706
361,361,0.5346637,0.412862323,0.55776822,1.505294243
362,362,0.681956532,0.602718823,0.647515093,1.932190449
363,363,0.690904882,0.55109998,0.478263192,1.720268053
364,364,1.356318965,1.13628115,1.316443572,3.809043687
365,365,0.971706853,0.618542645,1.046573163,2.63682266
366,366,1.770333123,1.518925567,1.538058061,4.827316751
367,367,0.790232426,0.570591506,0.671312217,2.032136149
368,368,0.809722195,0.627569121,0.779314369,2.216605686
369,369,0.643488328,0.557761543,0.492109442,1.693359313
370,370,1.017895983,0.848666636,1.083595959,2.950158578
371,371,0.910195455,0.954245289,0.985289551,2.849730296
372,372,0.844789071,0.642523062,1.000416542,2.487728675
373,373,0.702954056,0.534805718,0.598446022,1.836205795
374,374,1.264444216,1.153396414,1.168752374,3.586593004
375,375,1.019376533,0.956256727,1.181455126,3.157088385
376,376,1.912723796,1.681175883,1.906530413,5.500430093
377,377,1.347323985,0.938339015,1.334122901,3.619785901
378,378,0.678311948,0.593614088,0.689104803,1.961030839
379,379,1.242707713,1.419781563,1.204809996,3.867299272
380,380,2.805904023,2.75583895,2.926338306,8.488081279
381,381,0.677686433,0.575975701,0.76044613,2.014108264
382,382,0.847515889,0.824457356,0.845532785,2.517506031
383,383,0.916507771,0.878533473,0.809835649,2.604876893
384,384,1.25960119,1.222288994,1.460557303,3.942447487
385,385,0.574877717,0.644837739,0.65045648,1.870171935
386,386,0.906552594,0.863450682,0.995737064,2.76574034
387,387,0.675170534,0.763726124,0.815695847,2.254592505
388,388,1.407004556,1.049408944,1.457206458,3.913619957
389,389,1.22942064,1.164367736,1.142636932,3.536425308
390,390,0.672078877,0.668786425,0.856963559,2.197828862
391,391,0.662395242,0.592052782,0.702083067,1.956531091
392,392,0.778168187,0.639221017,0.748481657,2.165870861
393,393,0.942594154,0.831257837,0.812744223,2.586596213
394,394,1.238537213,0.985761445,1.026411323,3.250709981
395,395,0.571358389,0.572338931,0.825276041,1.968973361
396,396,1.039392575,0.825313813,0.971762215,2.836468604
397,397,0.569872208,0.452634866,0.555984558,1.578491632
398,398,1.077739252,0.833520088,1.114955428,3.026214768
399,399,0.545579029,0.599634541,0.632279431,1.777493001
400,400,1.344489311,1.110737058,1.345983997,3.801210366
401,401,1.188452055,0.906748689,1.006224183,3.101424928
402,402,1.618838406,1.236019423,1.489624584,4.344482412
403,403,1.047367686,0.753828793,1.076275413,2.877471892
404,404,0.962510086,0.623982702,0.629963591,2.21645638
405,405,1.144528994,1.002721635,1.020568877,3.167819506
406,406,0.567468913,0.301481918,0.650752961,1.519703791
407,407,1.279816572,1.344718453,1.506597318,4.131132343
408,408,0.812499919,0.656490452,0.773159051,2.242149423
409,409,1.134359731,0.724722182,0.940927465,2.800009378
410,410,1.806517758,1.625295766,1.498123505,4.929937029
411,411,0.625403509,0.572320722,0.539116858,1.73684109
412,412,0.948588459,0.912406815,1.07726138,2.938256655
413,413,1.054850899,0.733380732,0.919776917,2.708008548
414,414,0.815847475,0.858225537,1.000984357,2.675057369
415,415,1.895815388,1.54976788,1.748666692,5.19424996
416,416,0.806420063,0.892296644,0.955141916,2.653858623
417,417,0.825453612,0.67077486,0.946726846,2.442955317
418,418,0.859421666,0.675210543,1.045351941,2.57998415
419,419,1.220504966,1.043415417,1.222819762,3.486740145
420,420,1.047515364,0.939414937,1.29688829,3.283818591
421,421,1.677025392,1.504061558,1.54148661,4.72257356
422,422,1.474023177,1.233952067,1.63878851,4.346763754
423,423,0.753939473,0.538409876,0.79572313,2.088072479
424,424,0.713371899,0.87380621,0.86282475,2.450002859
425,425,0.546111894,0.620011795,0.731590295,1.897713984
426,426,0.858549294,0.880477988,0.888404298,2.627431579
427,427,0.845464738,0.770999513,0.702207564,2.318671815
428,428,1.216087344,0.982567914,1.323942345,3.522597603
429,429,0.924925416,0.691179121,1.065770671,2.681875208
430,430,1.293429243,1.27100069,1.342468928,3.906898861
431,431,1.0442561,1.028130466,1.136546832,3.208933397
432,432,0.724773006,0.588404626,0.693316675,2.006494307
433,433,0.738227865,0.767953109,0.843840108,2.350021082
434,434,1.033969317,0.883756453,1.091448087,3.009173857
435,435,1.059341908,0.760447968,1.138005376,2.957795252
436,436,1.075505758,0.80665927,1.012684848,2.894849876
437,437,0.953263666,0.94637077,1.195807569,3.095442006
438,438,0.764699339,0.575353657,0.827217245,2.167270241
439,439,1.084000727,0.768566957,1.124130713,2.976698397
440,440,0.750605447,0.583923512,0.779629357,2.114158316
441,441,0.68185332,0.647496846,0.741494489,2.070844654
442,442,0.441224973,0.570341934,0.557610332,1.569177238
443,443,1.106846901,1.128618168,1.046158383,3.281623452
444,444,1.59123468,1.568295449,1.654078165,4.813608295
445,445,1.25382975,1.106793779,1.175901378,3.536524907
446,446,0.934326161,0.60966644,1.107505596,2.651498197
447,447,1.748182099,1.464910348,1.539214291,4.752306738
448,448,0.568147399,0.486327454,0.558620445,1.613095299
449,449,1.780500057,1.668394338,1.962361975,5.41125637
450,450,1.507719935,1.50409451,1.458121776,4.469936221
451,451,0.785821988,0.729258865,0.699716524,2.214797376
452,452,0.630884628,0.521514762,0.765583104,1.917982494
453,453,0.409704615,0.387321392,0.673536151,1.470562158
454,454,0.68299235,0.461200627,0.564972609,1.709165586
455,455,1.042010851,1.022269256,1.092524667,3.156804775
456,456,0.780011333,0.735038951,0.657831478,2.172881762
457,457,0.920674461,0.725759667,1.091601968,2.738036095
458,458,1.120158332,0.847076117,1.235955597,3.203190046
459,459,1.403498421,1.358255248,1.075287828,3.837041497
460,460,1.111686793,0.912974452,0.97009539,2.994756635
461,461,0.572231367,0.563741652,0.620351404,1.756324423
462,462,0.722459501,0.740585205,0.852538122,2.315582828
463,463,0.971408727,0.764958586,0.975552601,2.711919913
464,464,0.651262725,0.538570787,0.746207452,1.936040964
465,465,0.717403325,0.643589511,0.634332043,1.995324879
466,466,1.06186389,0.962657297,0.97449455,2.999015737
467,467,0.699527484,0.42611789,0.597153512,1.722798886
468,468,1.128277749,0.819409686,1.041270202,2.988957636
469,469,0.627620415,0.595603987,0.738879964,1.962104365
470,470,1.268536292,1.027465869,1.584124729,3.880126891
471,471,1.013895419,0.763857729,0.873646402,2.65139955
472,472,0.754784155,0.761735338,0.778316719,2.294836212
473,473,0.622468792,0.652230416,0.471060913,1.74576012
474,474,0.642076517,0.64578807,0.63130883,1.919173418
475,475,0.836739972,0.840382859,0.909502169,2.586624999
476,476,1.126290243,0.991255818,1.428774983,3.546321043
477,477,1.024289199,0.995989204,1.3225385,3.342816904
478,478,0.721545533,0.54751505,0.822611746,2.091672329
479,479,1.010360501,0.909830015,0.862866481,2.783056998
480,480,0.513816878,0.312088819,0.44282232,1.268728017
481,481,0.953236576,0.681739263,0.89149072,2.526466558
482,482,0.406920675,0.398523519,0.354315185,1.159759378
483,483,0.82557014,0.725704535,0.875153431,2.426428106
484,484,1.490150739,1.488836676,1.474931924,4.453919339
485,485,1.284867351,1.244087519,1.454588338,3.983543208
486,486,1.182071843,1.220409793,1.210661341,3.613142977
487,487,1.022431187,0.816537504,0.896716716,2.735685407
488,488,1.278548323,1.344608292,1.674544763,4.297701378
489,489,0.938209939,0.765871911,0.995088192,2.699170041
490,490,1.297562781,1.236238064,1.321381235,3.85518208
491,491,1.499856819,1.288664609,1.216830909,4.005352338
492,492,1.159392173,1.09642149,1.213061581,3.468875244
493,493,0.530868872,0.427615499,0.681450641,1.639935013
494,494,1.357654309,1.028339332,1.285975775,3.671969416
495,495,2.035614245,1.76038884,2.017803511,5.813806596
496,496,0.781855134,0.719393616,0.862921246,2.364169995
497,497,0.613505383,0.722041842,0.717229319,2.052776544
498,498,0.475393146,0.354755946,0.533816081,1.363965172
499,499,0.680047508,0.547952604,0.74831317,1.976313282
500,500,0.772492688,0.784879613,0.947162829,2.504535129
501,501,0.739217769,0.58287374,0.937262595,2.259354104
502,502,0.71395811,0.641879039,0.750933577,2.106770726
503,503,1.492898829,1.308870807,1.383846489,4.185616125
504,504,0.493254426,0.575850038,0.562313558,1.631418022
505,505,1.108606082,0.872442022,1.192976997,3.174025101
506,506,1.387851384,1.208664503,1.616767383,4.213283271
507,507,0.657403843,0.572021346,0.813194156,2.042619346
508,508,0.840953045,0.787186035,0.635320386,2.263459465
509,509,0.739889322,0.646114282,0.701097232,2.087100837
510,510,0.652503682,0.594902175,0.794510921,2.041916777
511,511,1.554995781,1.2589585,1.612625938,4.426580219
512,512,1.443265596,1.143952567,1.408721074,3.995939237
513,513,0.812310155,0.70693449,0.807260997,2.326505642
514,514,0.941568799,0.734349428,0.940020126,2.615938352
515,515,0.996302897,0.685319347,1.084379488,2.766001732
516,516,0.559520758,0.588584549,0.747656419,1.895761726
517,517,0.475727042,0.319179671,0.578003164,1.372909877
518,518,0.793876092,0.711982158,0.658373069,2.164231319
519,519,1.607598584,1.524863175,1.868809656,5.001271416
520,520,0.694655329,0.560109383,0.815226548,2.069991259
521,521,0.51132297,0.376049773,0.482469537,1.36984228
522,522,0.398128899,0.377552958,0.343149827,1.118831684
523,523,1.083978219,1.164022657,1.041396478,3.289397354
524,524,1.082060042,0.954188271,1.289413166,3.325661479
525,525,0.607522227,0.535089664,0.573934343,1.716546233
526,526,0.787300007,0.794882255,0.67121593,2.253398191
527,527,1.025830994,0.68627102,0.909722594,2.621824608
528,528,0.859681034,0.653158992,0.873575329,2.386415355
529,529,1.082820181,0.902978653,1.083667684,3.069466517
530,530,0.635090007,0.589037292,0.755343422,1.979470721
531,531,0.36369383,0.338287585,0.414244415,1.11622583
532,532,1.044126695,0.703637507,1.089554886,2.837319088
533,533,0.808234467,0.938544357,0.998802987,2.74558181
534,534,0.636201988,0.729000398,0.513196724,1.87839911
535,535,1.128848221,0.99641229,1.106893995,3.232154507
536,536,0.515491996,0.365746471,0.616249763,1.49748823
537,537,1.332958477,1.012537474,1.20310366,3.54859961
538,538,0.92255721,0.716591764,1.101653018,2.740801992
539,539,0.72496461,0.632241004,0.802138276,2.15934389
540,540,1.318160327,1.074284297,1.299955246,3.69239987
541,541,1.22414286,1.257669805,1.306384143,3.788196808
542,542,0.837046874,0.834211137,0.754138431,2.425396442
543,543,0.425517917,0.471791658,0.589096728,1.486406303
544,544,1.076660289,0.923516923,0.940001159,2.940178371
545,545,0.754978972,0.541861767,1.000947678,2.297788416
546,546,1.305607191,1.398099618,1.194847009,3.898553818
547,547,1.179401319,1.149466303,1.259080222,3.587947844
548,548,0.767583939,0.76677183,0.70960543,2.243961199
549,549,0.905225494,0.790721518,1.004709921,2.700656933
550,550,1.040794459,0.890606951,0.893133563,2.824534973
551,551,0.622558942,0.592830367,0.56761652,1.783005829
552,552,0.811569689,0.708636241,0.686641511,2.20684744
553,553,1.486457367,1.250487937,1.64354121,4.380486514
554,554,1.283934773,1.137457404,1.331266685,3.752658862
555,555,1.40168443,1.304115679,1.422305358,4.128105467
556,556,1.196610649,1.339160229,1.264832429,3.800603307
557,557,0.331248667,0.388866807,0.244436187,0.964551661
558,558,0.888690913,0.79218789,1.064134336,2.745013138
559,559,0.636896643,0.525204057,0.849790705,2.011891405
560,560,0.805536397,0.728728228,0.922678518,2.456943143
561,561,1.400689326,1.042153343,1.220272166,3.663114835
562,562,1.254541648,0.890095262,0.908334773,3.052971683
563,563,0.749751047,0.547358983,0.720154051,2.01726408
564,564,1.009557137,0.77915765,0.801598104,2.59031289
565,565,0.48937122,0.45897535,0.807503695,1.755850264
566,566,1.206899589,0.941227003,1.223513241,3.371639833
567,567,1.111994305,1.104571809,1.005934394,3.222500508
568,568,0.953257398,0.604551139,0.928282939,2.486091475
569,569,0.699074785,0.798086477,1.043706467,2.540867729
570,570,1.561436629,1.510535402,1.452293715,4.524265746
571,571,1.071182197,0.740490199,1.156292574,2.96796497
572,572,0.79177824,0.679626354,1.127218343,2.598622937
573,573,0.96006776,1.129941428,1.185850183,3.275859371
574,574,0.923776593,0.767158705,1.383664974,3.074600272
575,575,0.931075138,0.816028066,0.977791158,2.724894362
576,576,1.271115398,1.171410018,1.114718278,3.557243693
577,577,0.494151474,0.269859477,0.737205218,1.50121617
578,578,0.853624055,0.737804977,0.878660827,2.470089859
579,579,1.134428065,1.256909671,1.084907074,3.476244811
580,580,0.78716038,0.567229448,0.868083937,2.222473765
581,581,0.725135564,0.717677083,0.748521037,2.191333684
582,582,0.756901561,0.524994344,0.684930081,1.966825986
583,583,1.176635396,1.070606994,1.051237233,3.298479623
584,584,0.916270213,0.926197563,0.91682878,2.759296557
585,585,1.196688717,0.950497476,1.170281143,3.317467337
586,586,1.211689068,1.233400426,1.243656038,3.688745532
587,587,1.01952072,0.919080673,1.156891816,3.095493209
588,588,0.689983941,0.544473576,0.659446396,1.893903913
589,589,1.131612027,0.901044109,1.236454841,3.269110977
590,590,0.482239519,0.430826376,0.689562134,1.602628029
591,591,0.83086169,0.645275017,0.986375521,2.462512228
592,592,0.880639711,0.759459639,0.747646813,2.387746163
593,593,0.568346205,0.46754849,0.754190725,1.790085421
594,594,1.124903685,1.032643518,1.124315389,3.281862591
595,595,1.162843464,1.390814275,1.291822444,3.845480182
596,596,0.810384501,0.792888455,0.960099881,2.563372837
597,597,2.05499446,1.687601247,2.410487688,6.153083394
598,598,1.186058347,0.988539292,1.179056555,3.353654194
599,599,1.726886278,1.412900455,1.485423484,4.625210217
600,600,0.573612718,0.555800039,0.641300954,1.770713711
601,601,0.86405685,0.684184385,1.005689883,2.553931118
602,602,1.227422718,0.789371188,1.277985377,3.294779283
603,603,1.032388772,1.026789297,1.001190569,3.060368638
604,604,1.946518966,1.55428422,1.635202266,5.136005452
605,605,0.716695719,0.679793755,0.809216547,2.205706021
606,606,0.68467496,0.570688689,0.713299875,1.968663524
607,607,1.385429739,0.912645263,1.246141166,3.544216168
608,608,0.979605337,0.789680083,1.065077388,2.834362807
609,609,0.87829361,0.835674729,0.795508188,2.509476528
610,610,1.239210138,0.996126314,1.195252824,3.430589276
611,611,1.320134985,0.980509893,1.030054633,3.330699511
612,612,1.113888098,1.121996412,1.121924726,3.357809235
613,613,0.956014818,0.801327339,0.9888569,2.746199057
614,614,0.605777744,0.498423798,0.767927418,1.872128959
615,615,0.832406218,0.763435215,0.715925749,2.311767183
616,616,0.855180795,0.736990652,1.004436584,2.596608031
617,617,0.969892186,0.965707626,0.951730892,2.887330704
618,618,0.61764565,0.649060477,0.716906894,1.983613021
619,619,1.470011444,1.355112746,1.416002158,4.241126348
620,620,0.751826692,0.680618513,0.802789082,2.235234287
621,621,1.800195516,1.891778027,1.833731411,5.525704953
622,622,0.874010959,0.689727972,0.708875171,2.272614102
623,623,1.001393306,0.852768318,0.867465501,2.721627125
624,624,1.126800857,1.052912975,1.386455459,3.566169291
625,625,0.875582428,0.621826545,0.838898079,2.336307052
626,626,1.385388429,1.199027706,1.564252312,4.148668446
627,627,0.868402984,0.643039206,0.673786142,2.185228333
628,628,1.15843074,0.831396632,1.183035093,3.172862466
629,629,0.953286152,0.679944622,0.828066442,2.461297216
630,630,0.972759912,0.825499764,0.891419868,2.689679544
631,631,0.473130516,0.372547468,0.560712878,1.406390863
632,632,1.814608175,1.540997848,1.815079313,5.170685336
633,633,0.840844723,0.790924112,0.758353262,2.390122096
634,634,0.819360674,0.627443079,0.939439295,2.386243048
635,635,1.556934593,1.729908767,1.858122653,5.144966013
636,636,0.698511486,0.641994618,1.077803928,2.418310031
637,637,0.881095673,0.934966458,1.120130809,2.93619294
638,638,0.779330429,0.634956065,0.897127158,2.311413651
639,639,1.038184651,1.032939673,1.257245509,3.328369833
640,640,0.72582699,0.517831172,0.728778258,1.97243642
641,641,0.832669679,0.830873302,0.96287277,2.626415751
642,642,1.084469227,0.867780505,1.385802789,3.338052521
643,643,1.258327007,0.983461267,1.122898624,3.364686897
644,644,1.373121845,1.011807853,1.31476029,3.699689988
645,645,0.935277363,0.656162398,0.911113318,2.50255308
646,646,0.661897849,0.615387523,0.814540896,2.091826268
647,647,1.478786084,1.485161937,1.438646478,4.402594498
648,648,0.92850036,0.945487965,0.93838065,2.812368975
649,649,0.765610816,0.719682499,0.89943577,2.384729085
650,650,1.114416503,1.098061707,1.076596217,3.289074427
651,651,0.720575384,0.47432919,0.560064565,1.754969138
652,652,0.831903553,0.841432211,0.764652896,2.437988661
653,653,0.656488407,0.59848329,0.556976528,1.811948226
654,654,0.971196373,0.889761692,1.1050488,2.966006866
655,655,1.438775835,1.072594216,1.509660782,4.021030833
656,656,0.4764568,0.463227801,0.356764021,1.296448623
657,657,1.009255408,0.882734063,0.914472472,2.806461943
658,658,0.455291096,0.26941786,0.537709017,1.262417973
659,659,0.713840114,0.718490986,0.796202958,2.228534058
660,660,0.750303948,0.693186689,0.872021149,2.315511787
661,661,2.022502978,2.160792555,1.962274934,6.145570467
662,662,0.566790526,0.591681385,0.734235988,1.892707898
663,663,1.526442562,1.193287042,1.346369153,4.066098758
664,664,0.821769725,0.938210638,0.656946431,2.416926794
665,665,2.327147101,2.124073311,2.140067635,6.591288047
666,666,0.656426369,0.756260789,0.683025398,2.095712556
667,667,1.260074792,1.143027721,1.251881493,3.654984005
668,668,0.462269356,0.476746039,0.361351724,1.300367118
669,669,1.090923899,0.999422627,0.882937621,2.973284147
670,670,1.476852985,1.48827431,1.649672593,4.614799888
671,671,1.280109978,0.833587237,1.001045823,3.114743038
672,672,0.843068895,0.857908619,1.16089123,2.861868744
673,673,0.693047363,0.534045696,0.621334444,1.848427504
674,674,0.722345534,0.574237569,0.743728609,2.040311712
675,675,0.771265987,0.664442577,0.819488966,2.25519753
676,676,0.370180307,0.477319404,0.563853761,1.411353472
677,677,2.049849688,2.03780378,2.022774024,6.110427491
678,678,1.755360903,1.712545641,1.714434305,5.182340849
679,679,0.908045071,1.019319283,1.082474125,3.009838479
680,680,0.533934044,0.472099305,0.671743584,1.677776933
681,681,0.688342977,0.478047884,0.54289096,1.709281821
682,682,1.27362884,1.197009701,1.242572186,3.713210726
683,683,0.854310691,0.949752069,1.093668183,2.897730943
684,684,1.063913155,0.979513578,1.198951966,3.242378699
685,685,0.707309201,0.680852264,0.66225467,2.050416134
686,686,1.101994074,1.190283703,1.195047135,3.487324911
687,687,1.327748071,1.085578889,1.247978073,3.661305032
688,688,1.75443162,1.485436935,1.709885653,4.949754209
689,689,0.716630612,0.487475405,0.972125292,2.176231309
690,690,1.118801744,0.864705158,0.976121789,2.959628691
691,691,1.004765691,0.864979685,0.85391417,2.723659547
692,692,1.358943626,1.128415556,1.290417625,3.777776807
693,693,0.728216007,0.62581834,0.884343548,2.238377894
694,694,1.313103625,1.261864334,1.267026364,3.841994323
695,695,0.452630953,0.566767764,0.547759513,1.56715823
696,696,1.622611981,1.2297985,1.722263392,4.574673873
697,697,0.861616384,0.619085802,0.993522078,2.474224264
698,698,1.476542058,1.323649473,1.626138907,4.426330439
699,699,0.900296248,0.595594758,1.073607371,2.569498377
700,700,1.13497047,1.126188043,1.42750989,3.688668404
701,701,1.1081519,0.799683243,1.184633905,3.092469048
702,702,1.190816978,0.914804973,1.020020643,3.125642594
703,703,1.375079432,1.107587677,1.288573358,3.771240467
704,704,0.846283975,0.703058944,0.929782034,2.479124954
705,705,0.565381004,0.369171416,0.415692156,1.350244576
706,706,0.757497527,0.696033676,0.686218242,2.139749444
707,707,1.297682953,1.036402095,1.176972394,3.511057443
708,708,0.905808794,0.621824932,0.934737607,2.462371333
709,709,0.982207718,0.994254939,1.006967546,2.983430202
710,710,1.178027548,0.985292035,1.361851762,3.525171345
711,711,1.940884133,1.513528337,1.802269945,5.256682416
712,712,0.614893331,0.347288479,0.654818272,1.617000082
713,713,0.434090263,0.360985125,0.445263357,1.240338745
714,714,2.132966102,1.605627387,1.858096294,5.596689783
715,715,1.422076101,1.14139411,1.518884051,4.082354261
716,716,0.62238876,0.627448976,0.763930535,2.013768271
717,717,0.920229222,0.788686935,0.947483734,2.656399891
718,718,0.895029221,0.854402692,0.87486722,2.624299134
719,719,0.54441881,0.305311841,0.412332565,1.262063216
720,720,0.819194015,0.658743953,0.754437537,2.232375505
721,721,0.723331839,0.552756632,0.638270319,1.914358791
722,722,1.436813134,1.279621622,1.477788861,4.194223617
723,723,1.30048139,1.287167474,1.58032739,4.167976253
724,724,0.941536039,0.913516214,1.015398481,2.870450734
725,725,0.610857669,0.580057709,0.730210267,1.921125645
726,726,0.862655787,1.075217597,0.988123324,2.925996708
727,727,0.662544277,0.622455496,0.752734252,2.037734025
728,728,1.136398822,1.061916747,1.071568374,3.269883944
729,729,0.654753691,0.38240288,0.605407865,1.642564436
730,730,0.636461724,0.555337305,0.72670317,1.918502199
731,731,1.196533756,1.045189551,1.246411592,3.488134899
732,732,0.917259975,0.73969228,0.769737517,2.426689773
733,733,0.684252145,0.817453901,0.676002069,2.177708116
734,734,1.10529901,1.248612336,1.286131179,3.640042525
735,735,0.971940058,0.827504246,1.014582482,2.814026787
736,736,0.680817073,0.669664415,0.838869592,2.189351079
737,737,0.787253011,0.951762111,0.846940647,2.585955768
738,738,1.188672495,1.155037374,1.169502992,3.513212861
739,739,1.14166479,0.854636017,1.122902766,3.119203573
740,740,0.951695641,0.807391703,1.166773021,2.925860365
741,741,1.09018202,1.006183381,1.235134694,3.331500094
742,742,1.182117359,1.105976747,1.05007945,3.338173556
743,743,1.494750001,1.121650948,1.244916737,3.861317686
744,744,1.688027555,1.404990832,1.492031774,4.585050161
745,745,1.080712593,0.866522648,1.206417044,3.153652285
746,746,0.979303998,1.146889533,0.965576792,3.091770323
747,747,0.627996623,0.505454573,0.595987004,1.7294382
748,748,1.241060526,0.935248254,1.347786318,3.524095099
749,749,1.010386786,0.838153349,1.081643324,2.93018346
750,750,0.987671179,0.90236113,0.823026349,2.713058659
751,751,0.930994086,0.675575213,0.835372615,2.441941913
752,752,1.030755096,0.807419905,1.17557302,3.01374802
753,753,0.88597619,0.742419144,0.806952464,2.435347798
754,754,0.942393218,0.828632125,1.023670236,2.79469558
755,755,0.610286216,0.49024565,0.717844717,1.818376582
756,756,0.788111522,0.834776955,0.830440953,2.45332943
757,757,1.108551732,0.947765276,1.216370295,3.272687303
758,758,1.208462027,0.847803725,1.243258546,3.299524298
759,759,0.80795838,0.649521587,1.065170695,2.522650663
760,760,1.098407235,1.011889632,1.497584629,3.607881495
761,761,0.647230898,0.610539211,0.707278602,1.965048711
762,762,0.872219132,0.809183896,1.007142697,2.688545725
763,763,1.253839355,1.007085676,1.101114085,3.362039116
764,764,1.575943996,1.350529785,1.532201898,4.458675679
765,765,1.32576393,1.202808165,1.438032379,3.966604474
766,766,1.551769605,1.540855711,1.657987865,4.750613182
767,767,1.908476654,1.902153765,2.017630057,5.828260476
768,768,0.668796649,0.551108355,0.682542556,1.902447561
769,769,1.13582743,1.009993522,1.319447904,3.465268856
770,770,1.240783185,1.100132209,1.467270308,3.808185703
771,771,1.291761985,1.120912934,1.300201451,3.712876371
772,772,0.99351859,1.012985215,0.882302005,2.888805811
773,773,1.018407914,0.863447284,1.146320586,3.028175785
774,774,1.275854453,1.14167503,1.245842394,3.663371877
775,775,0.890612286,0.782207212,0.966272046,2.639091544
776,776,0.827343697,0.717566712,0.716323971,2.26123438
777,777,0.697324862,0.469262999,0.724012131,1.890599992
778,778,1.763274198,1.773960576,1.818044758,5.355279532
779,779,1.422571539,1.264874812,1.351593631,4.039039983
780,780,1.187786586,0.979217314,1.170070062,3.337073963
781,781,1.469802706,1.290983632,1.304441859,4.065228196
782,782,0.672627036,0.667843962,0.730028378,2.070499376
783,783,0.868140347,0.656691764,0.696360891,2.221193002
784,784,2.582423738,2.842288659,2.916269831,8.340982229
785,785,0.727940162,0.74514575,0.845183228,2.31826914
786,786,0.811024509,0.682477329,1.029417852,2.52291969
787,787,0.46282527,0.424307687,0.665859232,1.552992189
788,788,2.028434907,1.842781116,2.110469568,5.981685592
789,789,1.124315851,0.833219757,1.050206178,3.007741786
790,790,0.528739469,0.599362589,0.485264313,1.613366372
791,791,1.415214714,1.311682294,1.23987495,3.966771958
792,792,1.043864758,0.873184674,1.068096925,2.985146357
793,793,0.548452954,0.481054796,0.431372122,1.460879872
794,794,1.135769275,0.82934844,0.926379267,2.891496982
795,795,1.99209264,1.719954882,2.252126992,5.964174514
796,796,0.883753185,0.800293079,0.928990694,2.613036959
797,797,1.394104007,1.050646374,1.502999089,3.94774947
798,798,1.502240026,1.290868892,1.600963785,4.394072703
799,799,1.227707382,0.975194358,1.186771259,3.389672999
800,800,1.337453558,1.340240705,1.522980608,4.200674871
801,801,0.861748667,0.745499338,0.782019067,2.389267072
802,802,1.751829069,1.333936723,1.41642756,4.502193352
803,803,1.106794144,0.994276233,1.217734884,3.318805261
804,804,0.90603397,1.141809247,0.817185067,2.865028284
805,805,1.352417227,1.225337083,1.190547192,3.768301502
806,806,0.711717568,0.498779472,0.627728045,1.838225085
807,807,0.897196042,0.792567314,0.854885321,2.544648677
808,808,0.722230038,0.6940554,0.639546456,2.055831895
809,809,0.72066077,0.653681921,0.689111231,2.063453921
810,810,2.8607106,3.005423089,2.889682455,8.755816144
811,811,0.871553902,0.710595079,0.965513458,2.547662439
812,812,0.733326929,0.710371932,0.808651648,2.252350509
813,813,1.03215817,0.883234827,1.058040579,2.973433576
814,814,0.834791516,0.81654143,1.011772106,2.663105052
815,815,0.85984747,0.804820018,1.143790341,2.808457829
816,816,0.987213175,0.83633312,1.264144996,3.087691291
817,817,1.136393892,1.032339123,1.183608556,3.35234157
818,818,0.537491841,0.490857507,0.682876655,1.711226004
819,819,0.918065417,0.868086417,0.879915213,2.666067048
820,820,1.106081048,1.052546764,1.200934871,3.359562683
821,821,0.591043846,0.618078713,0.698256888,1.907379448
822,822,0.788355856,0.583197763,0.832239159,2.203792778
823,823,0.642524357,0.612984728,0.542610206,1.798119291
824,824,0.716450773,0.651873908,0.550486235,1.918810916
825,825,1.349612248,0.966375293,1.213199292,3.529186834
826,826,1.34220719,1.073623692,1.215694691,3.631525573
827,827,1.263981176,1.039590163,1.289316658,3.592887996
828,828,0.498437489,0.463566853,0.616239469,1.578243811
829,829,0.548405348,0.554772933,0.582389589,1.68556787
830,830,0.896517251,0.860785654,1.044809061,2.802111965
831,831,1.677709013,1.366032857,1.521874365,4.565616235
832,832,2.017735867,1.675433621,1.712033779,5.405203268
833,833,1.027686701,1.0076343,1.007938043,3.043259043
834,834,0.432035644,0.409400392,0.554548387,1.395984423
835,835,0.76648539,0.637634869,0.671923058,2.076043317
836,836,1.026910949,0.944870546,1.541057352,3.512838847
837,837,1.490931229,1.207588009,1.501091972,4.19961121
838,838,1.426366465,1.555501765,1.671494849,4.653363079
839,839,0.838003174,0.740134758,1.04617997,2.624317902
840,840,0.928344492,0.914342906,1.066244971,2.908932369
841,841,0.989100147,0.755150109,0.784476684,2.52872694
842,842,0.723044809,0.684076704,0.833939073,2.241060587
843,843,1.136540361,0.677678675,0.841354326,2.655573363
844,844,1.113950052,1.17487491,1.256981638,3.5458066
845,845,0.760026757,0.82117807,0.80771642,2.388921248
846,846,1.257564776,1.451966928,1.594481908,4.304013612
847,847,1.120542698,0.998514575,1.201003207,3.32006048
848,848,0.445819619,0.479782306,0.653166441,1.578768366
849,849,1.528826131,1.43379766,1.280702677,4.243326469
850,850,1.236851586,1.250730038,1.329124704,3.816706329
851,851,0.993895621,1.020270734,1.087137977,3.101304332
852,852,0.855287142,0.756864877,0.513307428,2.125459447
853,853,0.660330565,0.632462768,0.769933451,2.062726784
854,854,0.555625522,0.463731357,0.540244488,1.559601366
855,855,1.403766864,1.322301003,1.438998497,4.165066363
856,856,0.817905447,0.778868853,0.829805556,2.426579857
857,857,1.111271072,0.824332438,1.051753209,2.987356719
858,858,1.326870993,1.196186383,1.332807238,3.855864614
859,859,1.330383052,1.151276424,1.482055079,3.963714555
860,860,0.90674165,0.848346906,1.259969642,3.015058199
861,861,0.554220741,0.586986762,0.472171716,1.61337922
862,862,1.057315345,1.005778361,0.979039733,3.042133439
863,863,1.451734483,1.437874768,1.602437959,4.49204721
864,864,0.469979396,0.378650025,0.396104636,1.244734057
865,865,0.759247851,0.790356876,0.935050068,2.484654794
866,866,1.398629542,1.168843556,1.302159242,3.869632339
867,867,1.026102696,0.981433303,1.158085669,3.165621668
868,868,0.573024249,0.550297686,0.490253701,1.613575636
869,869,0.824121668,0.686496424,0.795552348,2.30617044
870,870,0.914209743,0.868918083,1.020481778,2.803609604
871,871,1.02492565,0.918816472,0.989627885,2.933370006
872,872,1.832108698,1.81602991,1.901890603,5.55002921
873,873,1.079712987,0.93983599,0.893141241,2.912690218
874,874,1.232737738,1.12891701,1.176742807,3.538397555
875,875,0.889981394,0.816280468,0.881590506,2.587852368
876,876,0.839363073,0.7320263,1.046367767,2.61775714
877,877,1.047415634,0.919673389,1.254792633,3.221881657
878,878,0.692560734,0.538987075,0.781852694,2.013400503
879,879,0.887933919,0.737980027,0.835577098,2.461491045
880,880,0.484784373,0.492453822,0.612602323,1.589840518
881,881,0.834579395,0.810167145,0.921744341,2.566490881
882,882,1.045590604,1.086760558,1.172668841,3.305020003
883,883,1.19912501,0.959766423,1.084744655,3.243636088
884,884,0.42977394,0.426574379,0.497370114,1.353718434
885,885,0.893460583,0.637301329,0.905005748,2.43576766
886,886,0.624903393,0.539091562,0.855669397,2.019664353
887,887,0.84538883,0.651793609,0.762177759,2.259360198
888,888,1.345744889,1.209813251,1.17029031,3.725848451
889,889,0.726503458,0.624708224,0.84253696,2.193748642
890,890,0.923044404,0.857861967,0.712031265,2.492937635
891,891,0.692192688,0.490016014,0.73266162,1.914870322
892,892,1.134829477,1.126112464,1.229186905,3.490128845
893,893,0.598205609,0.480288798,0.766881075,1.845375482
894,894,1.893489738,1.4344795,1.855924858,5.183894096
895,895,1.024103826,0.995547843,1.04865893,3.068310598
896,896,1.243473721,1.285553182,1.209768328,3.738795231
897,897,0.512026397,0.444024315,0.661914404,1.617965115
898,898,1.43801029,1.027509441,1.097813259,3.563332991
899,899,0.442076387,0.430642177,0.454946579,1.327665144
900,900,1.125394038,0.807114464,0.981097574,2.913606077
901,901,1.418024012,1.185920918,1.405080169,4.009025099
902,902,1.207655804,1.092010359,1.260647863,3.560314026
903,903,0.612075041,0.446630289,0.777342015,1.836047345
904,904,1.1507232,0.889063133,0.9266437,2.966430033
905,905,1.82708311,1.529382806,1.356326128,4.712792045
906,906,0.77345332,0.940226408,0.857195367,2.570875095
907,907,1.074603406,0.961726776,0.945651071,2.981981253
908,908,0.58983625,0.453179769,0.661480114,1.704496134
909,909,0.797124531,0.610724384,0.905515355,2.313364271
910,910,0.66760203,0.731047276,0.832382952,2.231032258
911,911,0.756436559,0.602632556,0.593216972,1.952286088
912,912,0.648569178,0.612286387,0.550988799,1.811844364
913,913,1.130379358,0.890874181,1.062130439,3.083383978
914,914,0.770292612,0.475839946,0.910662647,2.156795205
915,915,0.936577363,0.933714293,0.861078161,2.731369817
916,916,1.105956227,0.922888291,1.346620864,3.375465381
917,917,2.089774658,1.505676897,1.681711247,5.277162802
918,918,2.393839646,2.183016481,2.440868551,7.017724677
919,919,1.686811754,1.558760022,1.775439252,5.021011028
920,920,0.885387232,0.692451121,0.960262366,2.53810072
921,921,0.503370862,0.387026009,0.520840756,1.411237627
922,922,0.880822542,0.67094896,0.873606208,2.425377711
923,923,1.766604931,2.012993564,1.909091224,5.688689719
924,924,0.817840117,0.928772554,0.979113637,2.725726308
925,925,0.680791596,0.68028078,0.711540892,2.072613268
926,926,1.000300762,0.707001968,1.035061506,2.742364237
927,927,0.848088955,0.668141493,0.694092839,2.210323286
928,928,1.406527086,1.2373739,1.403382255,4.047283242
929,929,0.789298475,0.792077884,0.85130934,2.432685699
930,930,0.614381123,0.625817877,0.706546718,1.946745719
931,931,1.096318604,0.82472353,0.827389296,2.74843143
932,932,1.065124824,0.849612612,1.090398366,3.005135802
933,933,0.640160187,0.749189736,0.66727051,2.056620433
934,934,1.422092127,1.347364688,1.441582554,4.211039369
935,935,0.638594609,0.528828917,0.565190047,1.732613573
936,936,0.766773841,0.755394765,1.104756462,2.626925068
937,937,0.742645821,0.684692549,0.812954374,2.240292744
938,938,1.039945839,0.853491026,0.998129377,2.891566243
939,939,1.280316042,1.218001393,1.580113504,4.078430939
940,940,0.806009165,0.841054588,0.949044545,2.596108298
941,941,0.409551926,0.262045359,0.39174718,1.063344465
942,942,3.229176831,2.961025698,3.145466716,9.335669244
943,943,2.080182822,1.64376373,1.794826845,5.518773397
944,944,1.526920971,1.234489422,1.391296613,4.152707006
945,945,0.638334864,0.620445257,0.666398997,1.925179117
946,946,1.669124852,1.479341351,1.435454054,4.583920257
947,947,0.906781903,0.908254391,0.821747735,2.636784029
948,948,0.704780307,0.558125509,0.655397222,1.918303038
949,949,0.539805422,0.621190058,0.496877016,1.657872496
950,950,0.921958683,0.863834082,1.036997349,2.822790113
951,951,1.451040927,1.372951957,1.364135271,4.188128155
952,952,0.517058428,0.461290485,0.326203553,1.304552466
953,953,1.170148995,0.955494851,1.206466933,3.33211078
954,954,0.59516662,0.623295861,0.846497105,2.064959586
955,955,0.947387856,0.807853357,0.906921925,2.662163137
956,956,0.814328333,0.746701801,0.757588687,2.318618822
957,957,1.380198315,1.183778718,1.298783744,3.862760776
958,958,0.834448191,0.626555365,0.767369881,2.228373438
959,959,0.79226838,0.777013917,0.958469109,2.527751405
960,960,1.056499955,0.851954137,1.091551326,3.000005418
961,961,0.764199405,0.71435884,0.696287006,2.17484525
962,962,1.791725612,1.474197154,1.873778058,5.139700823
963,963,1.109143209,0.942438397,0.995929374,3.04751098
964,964,0.811025289,0.71483154,1.040531358,2.566388187
965,965,0.994938413,1.156458541,1.224688178,3.376085133
966,966,1.320895565,1.040272999,1.370897009,3.732065573
967,967,1.103512993,0.991018899,1.419692228,3.51422412
968,968,0.730991563,0.700413055,0.667400371,2.09880499
969,969,0.956570758,0.799352491,1.019426545,2.775349793
970,970,3.182009877,2.508287468,2.829427709,8.519725054
971,971,0.804992852,0.639541045,0.860718895,2.305252793
972,972,1.161490828,0.895565632,1.286259067,3.343315527
973,973,0.92847994,0.788849579,0.922212364,2.639541883
974,974,1.268015673,1.049158181,1.236051675,3.553225529
975,975,0.914892687,0.74798564,0.961041024,2.623919352
976,976,0.429700143,0.311143891,0.306665643,1.047509677
977,977,2.386918236,2.264976258,2.703197926,7.355092419
978,978,0.714037533,0.636053917,0.688179353,2.038270803
979,979,0.811946001,0.608834953,0.830998492,2.251779445
980,980,0.838341404,0.756289794,0.764804028,2.359435226
981,981,1.198957022,1.18256278,1.322993743,3.704513546
982,982,0.694885297,0.543412078,0.70364227,1.941939644
983,983,1.986076401,2.079275816,2.378590588,6.443942804
984,984,0.69706165,0.605004561,0.623002014,1.925068225
985,985,1.131593548,0.780428576,1.053226353,2.965248477
986,986,1.469783991,1.364538223,1.440691908,4.275014122
987,987,1.194561076,0.862429738,1.142913892,3.199904706
988,988,0.58416192,0.431220502,0.672631466,1.688013888
989,989,1.185378613,0.916701374,1.355874143,3.45795413
990,990,0.950464324,0.794517853,0.898036326,2.643018503
991,991,2.011187047,1.562460801,1.825776462,5.39942431
992,992,1.680089072,1.265655718,1.47054405,4.416288841
993,993,0.758853147,0.607803018,0.748222623,2.114878788
994,994,1.151459254,1.00519657,1.302554412,3.459210236
995,995,0.610098932,0.458008587,0.637248742,1.70535626
996,996,0.327120577,0.185436063,0.35383816,0.8663948
997,997,1.323326421,1.074120802,1.170524424,3.567971647
998,998,1.452764992,1.066053957,1.444603778,3.963422726
999,999,0.548316205,0.576957667,0.487696322,1.612970194
1000,1000,1.533159615,1.280503021,1.253473666,4.067136302