year,NINO34_DJF,Bermuda,Nepal,Bhutan,The Bahamas,Bangladesh,Mexico,Cuba,Turks and Caicos Islands,Cayman Islands,Dominican Republic,British Virgin Islands,Anguilla,Puerto Rico,Saint Barthelemy,Saint Martin,United States Virgin Islands,Antigua and Barbuda,Belize,Montserrat,Saint Kitts and Nevis,Vietnam,Guadeloupe,Guatemala,Guyana,Honduras,Jamaica,Laos,Malaysia,Maldives,Dominica,Martinique,Thailand,El Salvador,Saint Lucia,Aruba,Barbados,Cambodia,Nicaragua,Saint Vincent and the Grenadines,Grenada,Philippines,Costa Rica,Trinidad and Tobago,Panama,Venezuela,Colombia,French Guiana,Suriname,Singapore,Ecuador,Indonesia,Peru,Brazil,Bolivia,New Caledonia,Paraguay,Uruguay,Bermuda,Nepal,Bhutan,The Bahamas,Bangladesh,Mexico,Cuba,Turks and Caicos Islands,Cayman Islands,Dominican Republic,British Virgin Islands,Anguilla,Puerto Rico,Saint Barthelemy,Saint Martin,United States Virgin Islands,Antigua and Barbuda,Belize,Montserrat,Saint Kitts and Nevis,Vietnam,Guadeloupe,Guatemala,Guyana,Honduras,Jamaica,Laos,Malaysia,Maldives,Dominica,Martinique,Thailand,El Salvador,Saint Lucia,Aruba,Barbados,Cambodia,Nicaragua,Saint Vincent and the Grenadines,Grenada,Philippines,Costa Rica,Trinidad and Tobago,Panama,Venezuela,Colombia,French Guiana,Suriname,Singapore,Ecuador,Indonesia,Peru,Brazil,Bolivia,New Caledonia,Paraguay,Uruguay
1980,0.436,0.004029788,0.000738479,0.002274807,0.001908753,0.00055156,0.001539204,0.000932135,0.000919376,0.001193158,0.001438648,0.0011598,0.001490414,0.001191972,0.001468531,0.001432305,0.001285645,0.001710713,0.003377006,0.001708337,0.00161146,0.001095474,0.001695435,0.001571852,0.003461443,0.00233017,0.001085281,0.000261476,0.004070009,0.004067615,0.003256028,0.00266105,0.000328194,0.000330446,0.001977544,0.001969965,0.002168662,0.000218091,0.00092009,0.001991017,0.002150091,0.003426854,0.004426757,0.002695452,0.002967319,0.001817483,0.006633945,0.005171038,0.003007627,0.002251444,0.007480352,0.009758317,0.003996219,0.007323594,0.008593882,0.004943084,0.006311694,0.002639799,291.1617,285.6319341,280.9271371,294.7329964,292.6243343,288.4067741,295.3573629,297.20052,298.3507733,295.6801102,298.06209,298.0969733,296.6779568,298.18331,298.15566,298.2893233,298.21814,296.1970331,298.2503367,298.1500667,294.1442744,297.8201803,291.6896166,298.1796945,294.6773161,296.4703234,293.4618311,298.7174275,299.76562,297.6188567,297.7469934,297.8089151,298.2628815,298.4406,299.07502,298.6843367,299.9548376,298.0579951,298.6150933,298.7726067,297.5242484,293.3291359,298.1710595,297.9937178,297.1218844,292.4641247,298.0524671,298.4100948,299.33131,292.3346742,297.7799957,289.6893657,297.0248562,289.4900756,298.0083175,298.9662472,295.7351433
1981,-0.305333333,0.005478735,0.001136746,0.00184233,0.001485239,0.000693932,0.001299738,0.000901612,0.002355104,0.002070636,0.00202009,0.001405043,0.001185017,0.001931046,0.001067142,0.001113507,0.0012691,0.00119366,0.003356428,0.001176372,0.001228236,0.001531113,0.001456909,0.001457218,0.003853551,0.002626371,0.001589016,0.000481313,0.005953464,0.002087921,0.002619137,0.002320763,0.000707612,5.15E-05,0.002057274,0.002114641,0.002145288,0.000454881,0.00060659,0.002447041,0.00236846,0.00443447,0.005427051,0.001854592,0.002875901,0.002061666,0.00747075,0.008010796,0.004399091,0.003419099,0.008337633,0.010596732,0.005161428,0.00594159,0.008733101,0.00532294,0.006005459,0.00371415,290.6596,285.7409078,281.7897849,294.0185401,292.7957742,287.8358706,294.3300437,296.98949,297.49435,295.785569,298.3242267,298.3283467,297.1537292,298.3976967,298.3965167,298.5481533,298.3565533,294.5938005,298.4347167,298.3583267,294.3224528,298.0197856,290.612748,298.3498819,293.364176,296.4946276,293.9652153,298.2690256,299.7153933,297.8217133,297.948674,297.7391563,297.4774992,298.6445467,299.15527,298.7532767,299.5911658,297.2190165,298.7615033,298.9248933,297.3929118,292.8566797,298.5231037,298.0289437,297.3608164,292.3783672,298.1172315,298.5745846,299.31631,291.9412185,297.6185955,289.2054623,297.5194086,289.50617,297.2612117,299.304233,295.8815168
1982,-0.065,0.002992402,0.000934075,0.001712842,0.001013525,0.000792528,0.001013407,0.000741588,0.001716229,0.00110172,0.002264473,0.00292325,0.0022388,0.002894124,0.002255301,0.002280449,0.003193572,0.002417182,0.002652592,0.002427397,0.002469048,0.001549108,0.002218371,0.001662273,0.005849325,0.002302705,0.001477547,0.00046265,0.004520472,0.002395965,0.003360165,0.002633324,0.000468451,0.000584353,0.002029772,0.001902469,0.002513838,0.000529225,0.00092328,0.002498907,0.002603419,0.003643831,0.00363627,0.003415672,0.003421386,0.002627728,0.008314468,0.007235339,0.004604009,0.00317314,0.008398881,0.011678865,0.0053286,0.006213731,0.008828907,0.009795711,0.006673729,0.003519857,290.7254333,285.1539954,281.275103,295.345574,292.513829,289.1011565,296.0580426,297.2621967,298.5893,295.5377745,298.0356567,298.0327167,296.4414194,298.0967867,298.09266,298.28014,298.19668,296.6655584,298.27897,298.10618,293.6262401,297.8170166,292.0537518,298.2486874,294.9176692,296.9899802,292.857604,298.5755862,299.5320133,297.74942,297.9395304,297.0584491,298.5167713,298.65864,299.1264933,298.85025,298.5292976,298.13303,298.7626767,298.9525133,297.0491247,293.546375,298.2973335,297.9428492,296.9288185,292.1855434,298.2236412,298.5528276,299.1264833,292.5817103,297.643964,289.3871069,297.0091639,289.4694819,297.7810165,298.7115476,295.1938435
1983,2.162666667,0.004954594,0.000910061,0.002431006,0.004003349,0.000490975,0.00134151,0.002748967,0.001282459,0.001904041,0.001790196,0.001171656,0.001334322,0.001203602,0.00139876,0.001330391,0.001255738,0.001592855,0.002477151,0.00145141,0.001487553,0.00140165,0.001405833,0.001430621,0.00442176,0.001645476,0.001499555,0.000972155,0.004438857,0.005457518,0.002238015,0.001985802,0.00058972,0.000218091,0.001643933,0.001647862,0.001659649,0.000180035,0.000564187,0.001830171,0.002563342,0.001833495,0.002299814,0.003373689,0.001377794,0.002220299,0.005982258,0.004887402,0.003286247,0.005821352,0.018865906,0.011465602,0.006905181,0.007149743,0.007232458,0.005359505,0.005658556,0.003476721,291.5799933,284.4442539,279.7866141,295.2853345,291.9899892,287.5083617,295.8639483,297.3762033,298.5369833,295.6941267,297.8187733,297.75354,296.7099506,297.8064433,297.80586,298.0903233,297.8464167,296.106182,297.9392533,297.8046933,293.2001789,297.5272725,291.5872223,298.2015655,294.7484057,297.271466,292.3854946,299.1488438,299.9058133,297.4502733,297.6371842,297.1555818,298.12409,298.39768,298.7991133,298.5175867,299.1993029,298.3847606,298.4764533,298.68922,298.0593682,294.2131194,298.1915852,298.4661373,297.4053852,292.749957,298.401865,298.7332335,299.56905,292.7447688,298.4679511,291.1385639,297.4659963,290.1686631,297.2773296,299.0723613,296.396912
1984,-0.617,0.006326636,0.001038634,0.002019225,0.002455774,0.000514822,0.001149418,0.00123703,0.001597568,0.001731157,0.001686115,0.001346894,0.001273813,0.001741836,0.001243951,0.001263599,0.00122195,0.001201518,0.002796129,0.001229805,0.001193658,0.001317215,0.001423903,0.001444616,0.006839112,0.002468011,0.001292546,0.000416693,0.010763869,0.005038676,0.002112284,0.001979468,0.00098112,0.000411196,0.001460835,0.001246308,0.001761807,0.000389449,0.000776078,0.00157321,0.001824672,0.003899208,0.003697161,0.002345929,0.004024249,0.00230451,0.009631144,0.008650091,0.005097181,0.008644804,0.009997888,0.012349652,0.006297809,0.004957498,0.0066651,0.005860612,0.003639338,0.005311471,292.1353967,284.616748,280.746228,295.7827268,291.743781,288.1349941,296.3327263,297.98511,298.8167433,296.0590428,298.0820733,298.0327133,296.8154773,298.0668,298.0738467,298.3142433,298.0979633,296.0165501,298.1479167,298.0438767,292.6825075,297.6395162,291.3666214,297.7373744,294.4120538,297.3616961,292.7106584,297.764635,299.36392,297.4632067,297.5983531,297.090198,297.7743255,298.31894,298.7297567,298.39712,299.2785329,298.0338093,298.33833,298.4982,297.4330014,292.8907791,297.8907155,297.3134145,297.2242966,291.3502274,297.8652826,298.2046643,298.5040767,291.5108594,297.5108943,289.085548,298.0640894,288.8945534,296.6652493,300.2342555,296.5834566
1985,-1.061666667,0.003156637,0.000711624,0.002149933,0.00073837,0.000313996,0.001062776,0.000593959,0.001263599,0.000843185,0.001407452,0.001199161,0.001071858,0.001247984,0.001052998,0.001056927,0.001163798,0.00119366,0.002531127,0.001243167,0.001158297,0.001665361,0.001521346,0.001066477,0.004692728,0.001781531,0.001149209,0.000795807,0.007146753,0.003624201,0.001480483,0.001494986,0.00103632,7.20E-05,0.001251809,0.001578711,0.001340608,0.000770379,0.000783958,0.001254953,0.001997553,0.002808963,0.002414234,0.002488552,0.001698881,0.001699073,0.005914046,0.006434106,0.003823237,0.005270494,0.007959853,0.010572313,0.005411448,0.007708382,0.007419666,0.005894837,0.005067285,0.002174828,291.0563267,285.448558,280.7426248,294.5513172,292.7234992,288.1341246,295.2735208,296.79024,297.6330433,295.3317559,297.3497733,297.3756333,296.1413952,297.45674,297.43498,297.58662,297.53667,295.7966511,297.5684,297.4220633,293.8938209,297.1593526,291.0585641,297.5727661,294.0377415,296.5644313,293.771184,298.4435301,299.64134,297.1581733,297.3278206,298.1251421,297.6209437,297.8951933,298.3853533,298.1949233,300.1026075,297.4034823,298.1708433,298.3113033,297.8972404,292.9216668,297.667355,297.6155606,296.3673773,291.8031656,297.886787,298.013864,299.2017133,291.3059712,297.8412278,289.0477886,297.1233595,289.1284339,298.0280303,298.8355485,295.0278914
1986,-0.574666667,0.006020166,0.000995716,0.001471948,0.001553629,0.000107961,0.000822909,0.00074954,0.001219591,0.000966556,0.001242933,0.000865186,0.000906835,0.001203292,0.000862042,0.000921766,0.000909979,0.000966559,0.00285687,0.000950843,0.000834542,0.001682965,0.001334322,0.001390304,0.003779934,0.002032278,0.001372864,0.000209187,0.00637573,0.002874528,0.001477338,0.001343976,0.000385061,0.000236998,0.001183443,0.002242729,0.001129222,0.000487432,0.000675162,0.001145723,0.001648647,0.004040597,0.004370079,0.001976982,0.002910414,0.002667081,0.008328065,0.006125871,0.003449579,0.00705116,0.009116842,0.011225725,0.006200596,0.00634444,0.007641206,0.004996994,0.004787277,0.002351014,292.1259933,285.5501309,281.8367921,295.2801434,293.1740359,288.2310686,295.7680588,297.55018,298.1743567,295.3189968,297.70535,297.6618533,295.9986662,297.7094567,297.7118033,297.9269067,297.6324633,296.0146228,297.6959467,297.6471533,293.4559172,297.1981303,291.2608221,297.8102826,294.3268313,296.5646914,293.0607939,298.243458,299.5884367,297.13995,297.3007967,297.1026416,297.6614989,297.9163367,298.1532033,298.0415233,298.8713894,297.746792,297.9774567,298.12852,297.3223446,292.8670346,297.7142963,297.3709528,296.1883999,291.5042543,297.9678031,298.2545266,298.9907067,291.5541806,297.5805713,289.0907831,297.3343686,289.1631634,297.6735267,300.561631,296.1291413
1987,1.135,0.006148254,0.000906735,0.001263961,0.003127376,0.000150951,0.000867307,0.001018441,0.000826682,0.001641576,0.001169611,0.001080501,0.001180301,0.001424406,0.001162226,0.001133936,0.00109229,0.001209376,0.00162821,0.001068711,0.001174015,0.001646354,0.001252594,0.000868186,0.004272667,0.001487272,0.001115818,0.000781973,0.004994821,0.006145112,0.001577926,0.001253607,0.00055698,0.000124737,0.001038852,0.000801533,0.001086786,0.000720896,0.00067314,0.001348466,0.001595214,0.00200732,0.00378201,0.001447979,0.001683339,0.00140264,0.0061927,0.007389026,0.003714079,0.006932504,0.014040459,0.010824069,0.006223105,0.006337466,0.006732621,0.004336755,0.007290501,0.002067778,291.4459967,285.8211671,281.671116,295.929892,293.3282159,288.1111657,296.3058111,297.66772,298.5205267,295.9737794,298.08444,297.9921667,296.6050645,298.02742,298.0380067,298.32482,298.09971,296.0564094,298.15203,298.0192,295.0730252,297.7141724,291.5256351,298.1633414,294.0785995,296.9493101,293.8930025,298.5655192,299.8640967,297.5437233,297.7289244,297.900691,297.8091518,298.4047467,298.7979333,298.30835,299.4055711,298.0074192,298.31718,298.49702,297.4357333,293.649661,298.043979,298.208314,297.2415765,292.5494564,298.3649936,298.7011758,299.1059167,292.2336385,297.7887017,289.96281,297.6398681,289.4750862,296.6235751,299.097491,296.1686486
1988,0.719,0.004110622,0.000688463,0.001411682,0.001710924,0.000762178,0.000770667,0.001204419,0.001978693,0.001416832,0.002763724,0.001265953,0.001066357,0.001789615,0.001041209,0.001071071,0.001313893,0.001384613,0.003304555,0.001529992,0.001375968,0.001522441,0.001683225,0.001648611,0.004094656,0.00253303,0.001558091,0.000377856,0.008410039,0.002682788,0.00210128,0.001760664,0.000927626,0.000107667,0.001351607,0.001642361,0.001354752,0.000421266,0.000809843,0.001389327,0.001758665,0.003333602,0.003520745,0.001912396,0.002587403,0.00170991,0.007269702,0.006455747,0.003151192,0.007150961,0.009090922,0.012718699,0.005544747,0.006464489,0.007225128,0.007944153,0.005037886,0.003840638,291.5417867,286.6121544,282.5728783,294.957191,293.3482781,288.6466935,296.0587391,297.7223933,298.6081033,296.0744935,298.3871067,298.32187,296.9285379,298.3642,298.37713,298.6263233,298.3765333,296.2581592,298.4376633,298.31894,294.2174197,298.0080363,292.0484342,298.6068491,294.9186582,297.5578105,293.6233855,298.8629122,300.3172333,297.971,298.1348295,297.7325741,298.8723571,298.8720033,299.19642,298.92313,299.8704943,298.8606845,298.8990333,299.0577167,298.717974,293.952797,298.6532748,298.3390985,297.368966,292.6304505,298.5634347,299.1636076,299.5672833,292.3579539,298.100895,289.9461995,297.9414502,289.9648441,297.5214938,298.8813961,295.0454766
1989,-1.783666667,0.003620272,0.001533213,0.002139558,0.000972985,0.000290419,0.000734647,0.000814093,0.001741375,0.001602285,0.001996144,0.001574782,0.001446694,0.001682523,0.00158264,0.001496198,0.001552778,0.001839603,0.002504308,0.001901681,0.001577926,0.001171047,0.00226866,0.001237831,0.007116465,0.002545607,0.001551409,0.000349821,0.00559654,0.005735698,0.002601062,0.002150306,0.000518961,6.83E-05,0.00144355,0.002647425,0.001519774,0.000350124,0.000958167,0.001511129,0.002296949,0.004715193,0.00414092,0.0029187,0.002778934,0.002800785,0.008666724,0.009833147,0.006409902,0.003461537,0.010712364,0.011625436,0.006672441,0.006373291,0.007345252,0.012680438,0.00653755,0.001344983,291.75867,285.3712637,280.9403179,295.5443172,292.3243538,288.8837886,296.091575,297.1599333,298.0803267,295.3538981,297.6412867,297.5813233,296.2887401,297.63836,297.6312867,297.8258267,297.6148233,295.901634,297.6559767,297.56017,293.703755,297.1199748,291.0815009,297.7961806,294.0825484,296.610975,293.3167053,298.3353192,299.6049,297.1182067,297.345246,297.8018212,298.0183857,298.07444,298.3107033,298.2301867,299.5129939,297.5559542,298.1655367,298.32129,297.6198679,292.888402,297.8357512,297.4021317,296.169483,291.5610014,297.6999718,298.1000714,299.0782867,291.163321,297.5214995,289.0826317,297.4122963,289.2966119,297.4058927,299.1886152,297.2696675
1990,0.043333333,0.003066267,0.001289588,0.002316208,0.001079663,0.000629452,0.001195396,0.000984943,0.001262811,0.002078493,0.001527106,0.001433335,0.001269097,0.001424318,0.001220378,0.001235309,0.001354754,0.001101717,0.002850314,0.001247883,0.001126866,0.001509368,0.001623501,0.001241312,0.006787791,0.002226308,0.001148437,0.000854669,0.005155991,0.002308736,0.001989695,0.001943173,0.000357336,0.000211327,0.001566924,0.001324107,0.001713872,0.000143482,0.001228035,0.001706799,0.001883611,0.00175791,0.003262167,0.001869555,0.002807329,0.002095226,0.006659869,0.008049337,0.004984433,0.005505452,0.007413308,0.011289192,0.004296676,0.006124922,0.007994311,0.008395366,0.005321923,0.00411358,291.9414567,285.5755945,281.2673298,296.032618,292.7606599,288.3038344,296.6493505,297.8857933,298.5557933,296.0155741,298.04623,297.94808,296.7554236,297.98922,297.9857,298.2548767,298.0244967,296.3560071,298.0638633,297.98041,294.5138661,297.5519511,291.4680058,298.0520941,294.6329295,297.3401995,293.9080615,298.775236,300.0756733,297.42912,297.609258,298.2046382,298.1698595,298.2331233,298.5123,298.3148267,300.0043593,297.9584933,298.3001333,298.4570533,297.948333,293.4302213,298.0786079,297.8239203,296.6814988,292.1262924,298.0240936,298.4285972,299.23403,292.1401519,297.7655606,289.6087797,297.4269858,289.4515221,297.5802775,299.2980218,296.8416363
1991,0.400333333,0.002813235,0.001012255,0.00201767,0.000890492,0.00058333,0.000882974,0.000692565,0.00089898,0.000748888,0.001532288,0.001409759,0.001247883,0.001657695,0.001251809,0.001268312,0.001449051,0.001519774,0.00303818,0.001697369,0.001488343,0.001082498,0.001683225,0.001431788,0.004995757,0.002192827,0.000987775,0.000210732,0.006007051,0.005674407,0.002139002,0.001740166,0.000355164,0.00024086,0.00134218,0.001493841,0.001355539,0.00011643,0.001013248,0.001457696,0.001590498,0.002060739,0.003412372,0.002148455,0.002797264,0.00202699,0.006968811,0.005625407,0.003938815,0.0045884,0.008034941,0.011929,0.004929882,0.006154776,0.007885129,0.004010322,0.003829141,0.003399402,292.3569733,285.5100081,281.4701459,295.9781492,292.8977047,288.8970081,296.4915244,297.7664633,298.5534433,295.7505287,298.09443,298.05798,296.4975997,298.1155867,298.1073467,298.3065933,298.12675,296.5827948,298.1637733,298.06092,295.0313635,297.697113,291.8403832,298.2921376,294.8196879,296.9981774,294.1761362,298.7090749,299.9775233,297.6389233,297.7976161,298.3400192,298.4390551,298.53934,298.7567967,298.58752,300.2881091,298.337846,298.5464,298.6909667,297.9982344,293.5396562,298.3813719,298.0542479,297.0289129,292.5513726,298.3562405,298.6748427,299.2934,292.2193603,297.7185374,289.5019055,297.3796449,289.7442259,297.7995866,299.6908469,294.7390346
1992,1.766,0.003546404,0.001364991,0.002556105,0.001802829,0.00111726,0.002146954,0.000882623,0.001369682,0.000975202,0.001352588,0.00099013,0.000768532,0.001344672,0.000755171,0.000756743,0.000932766,0.001064,0.003231528,0.001186587,0.000960271,0.001648335,0.001306032,0.001446442,0.004305407,0.001638493,0.000932901,0.001199177,0.007633301,0.003716141,0.001964547,0.001671807,0.000892676,0.000365447,0.001109578,0.001093862,0.001056927,0.000432669,0.000852692,0.001126866,0.00172016,0.001496885,0.002499005,0.001968111,0.001814702,0.001586468,0.006323066,0.006198579,0.002735808,0.011752723,0.010084222,0.01215533,0.004514152,0.006753565,0.007740535,0.004626897,0.005320943,0.003106564,291.3325533,284.7349188,280.3009063,295.3950333,291.8640666,287.8148711,296.1142174,297.50023,298.5040667,295.6798076,297.8881233,297.86814,296.5420566,297.90576,297.9087,298.1349767,297.88931,296.1865418,297.92868,297.8293567,294.0265933,297.5490112,291.66654,297.9859741,294.6889239,297.122325,292.9456886,298.4266296,299.7200833,297.34448,297.5790102,297.4360123,298.1289286,298.3107133,298.64925,298.4323633,299.5850179,298.2486859,298.39769,298.5193533,297.6913066,293.6000379,298.0889098,297.9915512,296.9580843,292.213915,298.2271591,298.7403114,299.0635967,292.4930919,297.6440211,290.140094,297.454205,289.4061549,297.5099138,299.529661,295.7072895
1993,0.147333333,0.003970747,0.001325266,0.00327458,0.00187941,0.000937109,0.000895771,0.001078571,0.001805812,0.00189697,0.001943353,0.001598358,0.001236878,0.001834342,0.001174013,0.001189731,0.00162036,0.001361825,0.00232935,0.001479698,0.001234521,0.00130018,0.001853749,0.001120917,0.004353914,0.00163191,0.00172086,0.000596546,0.006792067,0.003492971,0.002695362,0.00261572,0.000593971,0.000264384,0.002011697,0.001078146,0.001452195,0.000526689,0.000812052,0.001659649,0.001326462,0.002618136,0.003648146,0.001673793,0.002241368,0.001756925,0.007121922,0.007471761,0.004001536,0.007104598,0.010017243,0.010883566,0.005434221,0.00571339,0.006846713,0.002901658,0.003746245,0.004100174,291.5324,285.4551393,280.6687271,295.6555882,292.2002726,289.2009008,295.7254746,297.4302867,298.4106333,295.4915546,297.7788167,297.7764667,296.591216,297.8323067,297.8211333,298.0491633,297.91751,296.6787242,297.9469,297.8246667,294.17772,297.5255025,291.9375769,297.9521272,294.9498039,296.890979,292.9949631,298.3047322,299.67719,297.35976,297.5534799,297.2959372,298.2299914,298.27605,298.8667133,298.60575,299.2902047,298.4682692,298.51642,298.61515,297.7719772,293.2690008,298.234399,297.8907597,297.0169067,292.2684648,298.0207572,298.5376794,298.9483933,292.0562115,297.7272681,289.4853308,297.3313912,289.2631003,296.891788,299.1269813,295.6023989
1994,0.117666667,0.004033613,0.001532843,0.002626675,0.001932692,0.000740123,0.000705018,0.001265336,0.001600715,0.001233737,0.001376259,0.00101921,0.00105457,0.0012507,0.001103289,0.001064785,0.001019992,0.001180299,0.002651015,0.001090715,0.001064785,0.001505075,0.001597571,0.001048254,0.00391192,0.001781204,0.001779269,0.000767388,0.007818652,0.004585259,0.001720945,0.001615499,0.000855251,8.38E-05,0.001280099,0.000890332,0.001242379,0.00059083,0.000712426,0.001365754,0.001482055,0.004622259,0.002416061,0.001867265,0.002076534,0.001740575,0.008299144,0.006141312,0.003304775,0.005039461,0.010191295,0.012458793,0.006405469,0.006236016,0.007641046,0.006263458,0.005786188,0.003117239,292.1888867,285.9760647,281.8779061,295.8889614,292.7578071,289.1151672,296.3822672,297.9281,298.71624,296.0679492,298.13497,297.99275,297.0629949,298.0109633,298.0233067,298.3430333,297.98687,296.3253484,298.0721033,297.9715867,294.4447022,297.5866191,291.7196289,298.1758383,294.3605182,297.0260158,294.0807177,298.7593182,299.8188333,297.5296167,297.7160671,298.3397599,298.1529977,298.46234,298.7709033,298.5369867,299.650125,297.9155415,298.5023067,298.6257467,298.1891261,293.1389789,298.3253184,297.8755838,297.1416623,292.0709662,298.1642356,298.5905848,299.3886133,292.0683033,298.0743896,289.5009446,297.8524301,289.8328074,297.3555972,299.4601651,294.880548
1995,1.014,0.005115688,0.001218805,0.00227526,0.00201659,0.000603866,0.00102097,0.000723486,0.00144355,0.000763029,0.001645399,0.001406615,0.001525275,0.001552421,0.001427834,0.001401116,0.001420764,0.001559851,0.001610848,0.001356324,0.001338248,0.001705332,0.001236094,0.001053356,0.002454747,0.001495078,0.00139025,0.000586468,0.00657712,0.005259491,0.001868678,0.001803153,0.000503314,8.84E-05,0.001375183,0.000711168,0.001640004,0.000417478,0.000500034,0.001621147,0.001500915,0.002730234,0.002319042,0.001860147,0.001486742,0.001163388,0.005050899,0.003676909,0.002027692,0.008071942,0.010317532,0.012872963,0.005151952,0.00714964,0.00856349,0.002108204,0.006608819,0.002343533,291.7528,285.1554264,280.4741989,295.3993722,292.1069187,289.6907237,296.209396,297.6359967,298.3683133,295.9752086,298.18553,298.12029,296.9870189,298.17671,298.1702367,298.43825,298.29073,296.6378994,298.33657,298.19669,294.1163876,297.9328003,292.074702,298.3287693,294.7911364,297.0686267,293.684364,298.7861898,299.9939733,297.6865367,297.8696057,298.1531304,298.4757547,298.6151567,299.3192667,298.6092867,300.1451248,298.4152226,298.59988,298.7415167,297.8680468,293.4004404,298.3197663,298.2012028,297.4791696,292.6570668,298.3304606,298.7783902,299.1723333,292.1102538,298.0761302,290.0022207,298.0261216,289.7531405,297.301058,299.5139062,295.9317095
1996,-0.870333333,0.002960183,0.001555067,0.00286266,0.001260355,0.000402656,0.000704047,0.001092401,0.001515061,0.001549636,0.001699975,0.001381469,0.001366538,0.001914646,0.001263596,0.001281671,0.00120309,0.001679296,0.002185717,0.001520559,0.00125731,0.001544728,0.001411331,0.001576477,0.00568412,0.002507441,0.001593906,0.000423945,0.007658415,0.003165282,0.002102852,0.001638493,0.000658392,0.000409588,0.001243167,0.0009532,0.001166942,0.000520912,0.000801,0.001196017,0.00136104,0.006134437,0.005008227,0.001721327,0.003583101,0.001594649,0.008909281,0.007624351,0.005333001,0.006224481,0.010050196,0.011157669,0.004960264,0.006282651,0.00726277,0.005157282,0.006643751,0.00247645,290.9863833,285.6638382,281.0647739,294.6912638,292.658336,288.8021847,295.4956513,297.3209667,298.16553,295.9713632,298.29425,298.3042333,297.0595315,298.3882867,298.3865333,298.5934,298.4170867,296.0175581,298.4746967,298.37476,293.3789171,298.067393,291.4705066,298.3933933,294.2120252,296.5796679,292.5696852,298.2533085,299.78123,297.9092933,298.1810978,297.1685798,297.8143424,299.0289233,299.1411733,299.1100233,299.7525176,297.9292646,298.9901367,299.1664433,297.2895411,292.9147479,298.7470957,297.5653943,297.3336639,291.7782306,298.3570593,298.7114436,298.86141,291.5040915,297.7594953,289.3045509,297.7828589,289.3466501,298.1535483,299.4918198,295.9269586
1997,-0.501333333,0.002904388,0.000979656,0.002431452,0.00172236,0.000436144,0.000792739,0.00071493,0.00072924,0.000700166,0.001206894,0.001988123,0.002400679,0.001755177,0.00226709,0.002299309,0.001994411,0.002711862,0.002707898,0.002862739,0.002562558,0.001996576,0.002299309,0.001369376,0.007369942,0.001918789,0.000760837,0.000487434,0.006782516,0.001159082,0.00264507,0.001864119,0.000862323,0.00022934,0.001373614,0.001864749,0.001635291,0.000978093,0.000767087,0.001444335,0.002111497,0.003306285,0.003580366,0.003197348,0.00263671,0.002498507,0.008286434,0.009255228,0.00580619,0.003200645,0.00910994,0.011145316,0.004763385,0.00657197,0.007648143,0.003491446,0.007797724,0.002835529,291.5417933,284.9652009,280.5110979,295.5628372,292.0377218,288.6523843,296.1449922,297.2016567,298.4511833,295.4357777,297.7359133,297.7988,296.01367,297.88931,297.8816567,297.97277,298.0409333,296.564121,298.0920833,297.9304533,293.9004617,297.6753743,291.917797,298.2265553,294.3992384,296.3989998,293.2001734,298.5371599,299.87877,297.6207067,297.8588938,297.4573004,298.3040336,298.62867,298.7715,298.7738533,299.1834831,297.5507328,298.7238867,298.8861,297.3675942,292.8284668,298.168878,297.7833902,296.6644668,292.0144288,298.1962457,298.6190096,299.3586467,291.4141561,297.8158595,289.3748322,297.6552487,289.067019,297.741338,299.4469783,296.3734836
1998,2.241333333,0.005617038,0.001762422,0.002254352,0.004246301,0.000750479,0.000684743,0.001932353,0.001447479,0.001625861,0.00144485,0.00138933,0.001354754,0.001381793,0.001391687,0.001390117,0.001331175,0.001476554,0.001693411,0.00121252,0.001372827,0.000999628,0.00136104,0.00102324,0.002259589,0.001011488,0.001611086,0.00035549,0.005508486,0.006189903,0.001885181,0.00154726,0.000414078,0.000142927,0.001022351,0.000237316,0.001120577,0.000118399,0.000427472,0.001023136,0.000951628,0.001272849,0.002291085,0.000967958,0.001307653,0.001248392,0.005885013,0.003761726,0.001873586,0.007135245,0.022877884,0.010103937,0.007404488,0.00625067,0.007052007,0.002968143,0.009455217,0.00591183,291.69696,285.1601215,281.3655187,295.4170739,292.0662655,288.2147722,296.8020085,298.1996233,299.0218567,296.939209,298.91314,298.9101933,297.6400006,298.9472167,298.94545,299.13647,298.9677833,297.0707801,299.0271633,298.9272333,295.6256787,298.6010539,292.6634114,299.0463118,295.3876897,297.6078588,295.4003795,299.7194192,300.36484,298.37419,298.6302979,299.720595,298.4731192,299.3844933,299.3415933,299.33689,301.8211832,298.527122,299.25108,299.4197567,298.5186931,294.2393826,299.0704668,299.1562945,298.421925,293.7168906,299.1286132,299.637693,300.0333567,292.8842663,298.9661436,291.7613051,298.4321669,290.9595626,298.3238785,300.0140109,294.1791898
1999,-1.547333333,0.003254081,0.000375575,0.000687263,0.000936894,2.71E-06,0.000402221,0.000806966,0.001275385,0.001514276,0.002004948,0.002172003,0.001698941,0.002004732,0.001813672,0.001880464,0.002391249,0.002263946,0.002656821,0.002358243,0.002486333,0.002273884,0.002223082,0.001146277,0.007128653,0.00298788,0.00195928,0.000479616,0.008451991,0.006390286,0.003363309,0.002601954,0.001072719,0.000116021,0.002417967,0.001955904,0.002088708,0.001432754,0.000910894,0.002537412,0.002721292,0.005308728,0.005472151,0.004020139,0.005419419,0.003166156,0.009993793,0.00890812,0.006574268,0.005554174,0.009963592,0.012435428,0.0053931,0.006584678,0.006285288,0.009142359,0.005455421,0.004194372,292.5779733,286.5409201,282.9798802,295.8779506,293.5624682,289.0439179,296.4280546,297.41559,298.6833267,295.4209248,298.0509233,297.9339833,296.3986844,297.9833367,297.9992167,298.2595867,298.07679,296.123982,298.10853,298.0197867,294.7300595,297.6236572,291.5590991,298.4377972,294.0443882,296.8654771,294.2773415,298.7130295,299.54083,297.636,297.8507479,298.2774023,297.9657094,298.4923167,298.6439467,298.68098,299.4989996,297.7814321,298.6845033,298.8972667,298.1798018,292.6678558,298.3220159,297.564121,296.8504078,291.9159363,298.3832115,298.7798615,299.4038867,291.28162,297.9695069,289.4220459,297.7740959,289.0156958,297.9623555,299.2110868,294.7232913
2000,-1.663333333,0.003544045,0.001008002,0.001606992,0.000927415,0.000551838,0.000486186,0.000524585,0.000750455,0.000653014,0.001205536,0.001841173,0.00158107,0.001631984,0.001571638,0.001643936,0.001744519,0.001495413,0.001761621,0.001500914,0.001555922,0.002365905,0.001749235,0.000999775,0.006838434,0.00183468,0.001005525,0.001003103,0.008204827,0.004017112,0.00248869,0.002046035,0.001294128,0.000159028,0.001883611,0.00381437,0.002057274,0.00122352,0.000641905,0.002136643,0.002969613,0.00606532,0.007580082,0.003794736,0.005476602,0.002785721,0.009663586,0.0086391,0.005738875,0.00566419,0.008893043,0.011672705,0.005334288,0.006722879,0.006728055,0.007717236,0.00416919,0.002108917,291.5705867,285.103839,280.9445751,294.8797461,292.4946927,288.6063305,295.5619503,296.7855433,297.7465067,294.9086417,297.59544,297.6512733,296.0443046,297.7453133,297.7294533,297.8105467,297.91517,295.5468784,297.95102,297.8240633,293.6974399,297.4820048,290.9274267,298.2514377,293.3016294,296.2297494,292.6603639,298.5242563,299.7230333,297.4614333,297.7866539,297.1686646,297.1731602,298.4159233,298.4864467,298.5746,299.458273,297.2919278,298.5322767,298.6803833,297.9882457,292.2945395,298.1687739,297.1692673,296.004396,291.748676,298.1104119,298.5547857,299.15764,291.0771376,297.8576512,289.2234906,297.2910618,289.6054025,296.8147168,300.2608384,296.5757745
2001,-0.742666667,0.003417529,0.000684867,0.00169138,0.001618299,0.000376248,0.000758792,0.001504723,0.001619572,0.003693352,0.001525004,0.001095432,0.001051426,0.001225438,0.001040424,0.001071858,0.001125291,0.001071855,0.002536368,0.00127617,0.001126078,0.002249206,0.001393256,0.001131547,0.003083243,0.002650659,0.002764544,0.000384046,0.008441301,0.001815242,0.001720945,0.001597398,0.000821626,5.42E-05,0.001256526,0.000857328,0.001097004,0.001005709,0.000773489,0.00120309,0.001207806,0.005468093,0.00412918,0.001251462,0.002726648,0.00099353,0.006694283,0.005918313,0.003046002,0.005054392,0.011296312,0.010478423,0.005523085,0.005523016,0.00756055,0.006520312,0.007192882,0.003655828,291.1874,285.851365,281.7902379,295.0862594,292.3868954,288.5697989,295.5814602,297.8693233,298.1214667,295.9685063,298.3171733,298.16143,296.7735547,298.2031667,298.2107967,298.4118033,298.1802367,295.837352,298.20844,298.1773,294.8167943,297.6759644,291.4919302,297.9128489,293.911505,296.7228949,294.8329477,298.7877666,299.9681067,297.4925833,297.7436139,299.0616723,298.1088605,298.3988767,298.7856033,298.4194467,300.9098356,297.964585,298.3712433,298.5499167,298.2925724,292.7845051,298.1196374,297.7731741,296.6270512,292.1215561,297.9801257,298.2033524,299.39273,291.2166601,298.0183757,289.4492822,297.815229,289.2237136,297.0139751,299.6146936,296.2701371
2002,-0.184666667,0.003917312,0.001187976,0.001807421,0.001493756,0.000234805,0.000891395,0.000753075,0.001171656,0.001333537,0.001586805,0.00205256,0.002012486,0.002180775,0.00208321,0.002059634,0.002428181,0.002328381,0.003029414,0.002399894,0.002388105,0.0013338,0.002212082,0.001283525,0.004524941,0.002166678,0.001378158,0.000450596,0.005625149,0.00388588,0.003158997,0.002589123,0.000462893,0.000123072,0.00205256,0.001756308,0.002110712,0.000135762,0.000751521,0.002315025,0.003204572,0.003351082,0.004463983,0.003324508,0.002673427,0.002328671,0.00663733,0.006232041,0.003321355,0.006189903,0.010659431,0.010385835,0.004818329,0.006649949,0.006659669,0.005036949,0.004560855,0.002992198,292.1694933,285.7579402,281.8675223,295.7054329,292.9093301,288.6219513,296.3466632,297.77881,298.6110467,296.2904367,298.29131,298.3547867,296.9553912,298.4423633,298.4288533,298.5405033,298.55462,296.4838555,298.60046,298.4940767,294.6321524,298.1426188,292.0063605,298.7040631,294.7902537,297.4700095,294.0535576,299.1110256,299.8593933,298.0274267,298.2433079,298.3282686,298.6584366,298.8913867,299.1582267,298.9695533,300.6630923,298.6746623,298.8843367,299.0953267,297.7652827,293.3008999,298.6145055,298.1733806,297.3702708,292.8394189,298.6030346,299.0587387,299.3057367,291.6891701,297.9042784,289.8981977,297.2343779,289.7799007,298.2054708,298.7100576,294.9717238
2003,0.884,0.003546404,0.001689389,0.002667524,0.000920657,0.000220099,0.000644811,0.000899798,0.000917837,0.001522919,0.001330686,0.00151899,0.001441191,0.001392444,0.001449049,0.001416835,0.00122195,0.001090718,0.00244665,0.001030991,0.001263596,0.001752502,0.001112719,0.001127325,0.003157065,0.00264104,0.001923771,0.000994892,0.006028022,0.005687763,0.001647862,0.001516533,0.000947606,9.67E-05,0.001167727,0.000476991,0.001038854,0.000459531,0.000660609,0.001174015,0.001327249,0.002159822,0.002400317,0.001263117,0.001166925,0.000943834,0.005533322,0.004283707,0.00222006,0.00697808,0.010734652,0.011052271,0.004908081,0.006426927,0.00682163,0.004652859,0.00628767,0.004815868,291.9297067,285.5279418,281.3076848,295.4804318,292.3637466,288.7330474,296.3788858,298.30777,298.7697367,296.5275543,298.64689,298.5939933,297.1410231,298.6245633,298.6222133,298.86142,298.6357333,296.469933,298.68863,298.6251533,295.1232607,298.2002157,292.1642921,298.592738,294.665317,297.4296011,294.3837263,299.2885508,300.08272,297.9680667,298.1661287,298.7024837,298.5134641,298.8655167,299.1135533,298.7985367,301.3036445,298.8300783,298.7926467,298.9560333,298.2490616,293.9814145,298.6324249,298.7558394,297.890054,293.3138956,298.5616491,298.9666463,299.5690467,291.8787085,298.4242297,290.3450379,298.2303558,290.1764317,297.4243164,299.7863677,295.5364519
2004,0.33,0.003529117,0.000955897,0.001965114,0.001417584,0.000415353,0.000775026,0.000851345,0.001438051,0.000974417,0.002039068,0.001395615,0.001597571,0.001844476,0.001601502,0.001652581,0.001542563,0.001779882,0.002189174,0.001805027,0.001875751,0.001112855,0.001634503,0.001225848,0.004293207,0.002666258,0.001409809,0.000624332,0.005476884,0.001674583,0.001940973,0.001441482,0.000800949,0.00010283,0.001100933,0.001889894,0.000969701,0.000224304,0.000697567,0.001155155,0.0017123,0.003553888,0.005175254,0.002272092,0.003437746,0.002000994,0.0067124,0.004732356,0.002905187,0.004655197,0.008803629,0.010712369,0.004465678,0.007379587,0.007308649,0.00282098,0.004513375,0.002286617,291.3737067,285.8119929,281.2306707,295.1102187,292.7071035,287.7897299,296.1738399,297.5172733,298.4259033,295.7324708,298.2742833,298.3112967,296.5596296,298.37419,298.3624233,298.5075933,298.39416,296.0985374,298.45529,298.34187,294.4180517,298.0086161,291.6211926,298.7560753,294.1881606,297.1487005,293.3002871,299.1808197,300.1685367,298.0186067,298.2616649,297.7846263,297.7590481,299.0835933,299.24874,299.02421,300.2003102,298.4179284,299.0306833,299.2023,297.984153,293.4740124,298.6934864,298.2198351,297.55982,292.6638627,298.836327,299.1826916,299.43681,291.6474934,298.2291003,290.1177534,297.3068474,289.8919561,298.4403627,299.3500144,295.1524299
2005,0.599666667,0.003254078,0.001102594,0.002166852,0.000685556,0.000236664,0.000823613,0.000436991,0.000937482,0.000710381,0.001482631,0.001586569,0.001642364,0.001433954,0.001638435,0.00168401,0.001515845,0.002608138,0.001547998,0.00244154,0.001880467,0.000881067,0.002498907,0.000764474,0.00692664,0.001836667,0.000957041,0.000188742,0.004475345,0.004313365,0.00327451,0.002464048,0.000275283,9.30E-05,0.002425825,0.002454902,0.003110275,5.83E-05,0.0005541,0.003334232,0.003675277,0.00240796,0.005487372,0.004840133,0.002401427,0.0030997,0.006488553,0.006133258,0.00505825,0.005275207,0.007222061,0.010330303,0.004536337,0.005681741,0.006753844,0.005217435,0.003397011,0.00237931,291.36606,286.6555025,281.8749539,294.5701251,293.6058117,288.7648129,295.1712527,296.6409633,297.9087,295.4641753,297.72121,297.8293567,296.5772271,297.9410333,297.93044,298.02565,298.17142,296.6341755,298.2313733,298.04976,294.5209787,297.8575643,291.7043786,299.0940575,294.4575743,296.5166037,294.1707202,299.4082049,299.99105,297.8416933,298.2077915,298.6177146,298.1404105,298.9813067,299.11062,299.19936,300.2776732,298.3035291,299.1588133,299.40213,298.134234,293.1639775,299.0034986,298.3842507,297.8035551,293.0436502,299.3236237,299.6635011,299.6995233,292.7130681,298.4086262,290.2805194,297.7105038,290.2461126,297.9153615,299.4975308,296.0543239
2006,-0.821333333,0.003699638,0.000377038,0.001930283,0.00111667,0.000167807,0.000631792,0.000787497,0.00091705,0.001297387,0.001330101,0.001200733,0.00127617,0.00136582,0.001300531,0.00132332,0.001262811,0.001343752,0.003260312,0.001533921,0.001438836,0.002495541,0.001589711,0.001554171,0.009483145,0.002761104,0.001351397,0.000456414,0.00823118,0.003601412,0.002131142,0.001784747,0.001443136,0.000196374,0.001383041,0.002012484,0.00183253,0.000879958,0.000964873,0.001755521,0.003238363,0.006127022,0.004297249,0.003419971,0.002641721,0.002450062,0.007998158,0.009947619,0.007070146,0.005372651,0.010316496,0.012361365,0.005213757,0.005568474,0.007962496,0.005225571,0.003224835,0.002852338,291.5823467,287.7242447,283.1296708,295.008145,293.9378804,289.1153379,295.695033,297.6342267,298.3471433,295.9287749,298.3254067,298.33129,296.6232205,298.36008,298.3624333,298.5775333,298.4024033,296.4285992,298.4711633,298.3271633,294.3774193,297.9674784,291.9385701,298.4744009,294.5051515,297.2078981,294.066288,298.9938438,299.77358,297.8922433,298.0684393,298.4321014,298.41453,298.7808933,299.0042333,298.83202,300.4131109,298.00896,298.8267333,299.01129,298.3546021,293.2679695,298.577388,298.2460602,297.6350723,292.5402811,298.5222035,298.8217772,299.4785333,292.3421389,298.1412873,289.9491034,297.8099255,290.1328568,297.6713167,299.9941693,295.3198521
2007,0.672,0.003489822,0.001689103,0.002532445,0.00153689,0.000894768,0.001229954,0.000843645,0.001777522,0.001605429,0.001198539,0.001225879,0.001188946,0.001230997,0.001309174,0.001317819,0.001058499,0.001805812,0.003874536,0.001679296,0.001369682,0.001476375,0.001716229,0.001610232,0.005158492,0.002430639,0.00131321,0.000355386,0.008690528,0.006922287,0.002263943,0.002028812,0.000491951,0.000198905,0.001661221,0.001185015,0.002024271,0.000410191,0.001058578,0.002046272,0.00222151,0.004156222,0.002928876,0.002070748,0.00228716,0.001578247,0.006210127,0.006302917,0.003546639,0.007635025,0.00893918,0.010553717,0.004469918,0.00661615,0.007514633,0.002335236,0.005668944,0.003160055,291.6205533,286.2771316,281.4704081,296.1715709,292.5563292,288.6137771,297.1108764,298.17318,299.2369733,296.6559529,298.63631,298.54051,297.2741752,298.57637,298.5793067,298.8420067,298.5634367,297.1584896,298.6186867,298.5381633,295.0314008,298.1561279,292.5717037,298.624156,295.1882983,297.9014971,294.0368862,298.9740485,299.9716333,298.07268,298.2860842,298.3114425,298.6321064,299.0430333,299.2199233,299.1840767,300.5546605,298.5665696,299.1535167,299.34688,298.5387902,293.8547933,298.883883,298.8164533,298.1631995,293.2291219,298.6516569,298.9885002,299.32043,292.7717088,298.6178751,290.4254531,297.9040684,290.5460279,297.1900552,300.1157903,296.6313135
2008,-1.626666667,0.002810091,0.000566751,0.001938473,0.001374183,0.000630187,0.000630674,0.000772796,0.000995634,0.001078931,0.002076432,0.001583427,0.001897755,0.001550408,0.001758665,0.001792453,0.001497773,0.001706799,0.00234841,0.001751592,0.001617216,0.001566123,0.001886753,0.001091697,0.008217645,0.001967296,0.000970824,0.000708846,0.007443664,0.004758924,0.002266305,0.001930374,0.000761854,0.00024239,0.001392471,0.001919759,0.001352395,0.000584289,0.000913468,0.001480483,0.002168079,0.00623002,0.003766332,0.003739158,0.003189329,0.002333177,0.007812975,0.008500197,0.005985282,0.005536889,0.010340093,0.010933043,0.005587496,0.006204558,0.008310498,0.005792509,0.005300051,0.002611242,292.3487433,286.0859664,281.3248988,296.1806947,292.3345203,289.3653529,296.5904473,297.7805767,298.8808167,295.6876494,297.9786367,297.9098667,296.640502,297.9662967,297.9586533,298.1825833,298.0632833,296.9009759,298.10442,297.9921667,293.9388158,297.6941732,292.0162257,298.0708993,294.579205,297.1627694,293.1435673,298.8489908,299.7824,297.5919067,297.8051246,298.3170116,298.1076633,298.66571,298.9066633,298.62632,300.3345745,297.9779787,298.6210333,298.88022,298.2412434,293.2775204,298.3218669,297.9853127,297.4993156,292.3671595,298.174505,298.4197183,299.2604933,291.7913885,298.178154,289.5525285,297.5476392,289.6610155,298.1871535,299.4281175,296.0560297
2009,-0.831,0.00218458,0.000408466,0.002111862,0.001241725,8.49E-05,0.000533831,0.000665515,0.001008208,0.001479698,0.001869393,0.001279312,0.001163801,0.001459857,0.001139437,0.001196804,0.001182658,0.001331965,0.002556188,0.001312318,0.00122116,0.001758225,0.00161093,0.001019197,0.00820171,0.002132989,0.000994136,0.000299094,0.007822285,0.00243211,0.002271804,0.001904591,0.000559459,7.94E-05,0.001581068,0.002355886,0.00188754,0.000600289,0.000823912,0.002054917,0.002789659,0.005739993,0.005211428,0.003897727,0.003040757,0.002939661,0.008472743,0.009147578,0.007284722,0.003825369,0.00983559,0.011451982,0.005926875,0.007019106,0.007157107,0.007643859,0.003876784,0.003020482,291.61057,287.9757372,282.9559363,294.5581215,293.9628187,289.2582135,295.3655067,297.14935,298.15908,295.6616052,297.9151633,297.9439567,296.7446628,298.0097833,298.0062667,298.1526167,298.0721,296.2467871,298.1108767,297.9945167,294.6627284,297.7182821,291.9100546,298.3850068,294.1768733,296.8802901,293.4973902,298.7833235,299.9704733,297.6095533,297.9184398,297.5976862,298.339534,298.7556233,298.9049067,298.7303567,299.1700262,298.0098257,298.7021433,298.9701533,298.1575693,293.2595139,298.6505061,298.1743676,297.5972572,292.5961765,298.6921816,298.7882122,299.3674533,292.2347585,298.0584367,289.8659802,297.5104058,289.9417299,298.0701399,299.4896854,296.0631237
2010,1.512666667,0.004245785,0.000571194,0.001624853,0.001891778,0.000130734,0.002082374,0.001470099,0.002395963,0.001111147,0.001651547,0.001574782,0.001603859,0.00174491,0.001326462,0.00134218,0.001273026,0.000952415,0.002183014,0.000920194,0.001088358,0.001589475,0.000817254,0.001622212,0.002968559,0.002104758,0.002205322,0.000832841,0.006311587,0.003627345,0.001302888,0.001088129,0.000873554,0.00020154,0.000822753,0.000607438,0.000660876,0.000657691,0.000629076,0.000726096,0.000761459,0.002097963,0.005338713,0.001002062,0.00224912,0.001215509,0.005931776,0.006442002,0.00296641,0.004688201,0.010908157,0.011251985,0.005115873,0.006180734,0.008581955,0.003677022,0.006256606,0.005177129,290.78891,286.6043368,281.9755135,294.814954,292.6942467,287.8953615,295.8309168,297.72062,298.6292533,297.045477,298.9078533,298.8666933,297.800711,298.9354667,298.92489,299.1341233,299.0935733,297.0240509,299.12001,298.9983733,295.7478683,298.8878682,292.605524,298.7788929,295.1078682,297.752196,294.8949704,299.5370269,300.4353533,298.50348,298.885256,299.2701835,298.699839,299.64311,299.45503,299.42035,301.0826638,298.8781132,299.41388,299.52967,298.3533162,294.3567824,299.3433146,299.1775528,299.0348111,293.9487706,298.9738928,299.3537652,299.8176567,293.222939,298.7576352,290.8264129,298.3840145,290.7344707,297.2870656,300.1848682,295.9601064
2011,-1.398,0.003723214,0.000654792,0.001722917,0.0012987,0.000404923,0.000455494,0.000611708,0.001529989,0.000561858,0.001183893,0.001089146,0.001281671,0.001417847,0.001407402,0.001396403,0.001414475,0.001680084,0.001599671,0.001805027,0.001712302,0.001509942,0.00187025,0.001212098,0.005999496,0.002258351,0.001682604,0.000472933,0.007940652,0.003162138,0.002551556,0.002090952,0.00126561,0.000197297,0.001641577,0.00335781,0.001815242,0.000603266,0.000672978,0.001928399,0.002916959,0.006004314,0.005775683,0.003631968,0.006503681,0.003438316,0.008910217,0.00717291,0.005127031,0.005410371,0.00925009,0.010031371,0.005182389,0.007028021,0.007726638,0.007980577,0.006958379,0.0024269,290.58673,286.0719212,281.3893152,294.2585812,292.5280753,288.6320663,294.9423577,296.99007,297.8011433,295.7874475,298.0914733,298.15144,296.6546759,298.2260733,298.2149167,298.3706667,298.3453967,296.3942865,298.3829967,298.24017,293.960743,298.0174357,292.0773157,298.6051244,294.3481506,296.4442205,293.5222049,298.7554696,299.6419267,297.99745,298.3202964,298.0815157,298.164736,299.1640933,299.0412567,299.0824067,300.4074592,297.7555249,299.0871033,299.1693933,298.1608983,293.1040793,298.8139382,297.8170669,297.7897428,292.6837616,298.6629109,298.9244362,299.2963433,292.2041322,298.2069127,289.5101112,297.9810333,290.2638241,298.1692873,299.4672751,296.646627
2012,-0.851,0.00336645,0.001027542,0.002089047,0.000810502,0.000295584,0.001123525,0.000578897,0.000785818,0.000856544,0.001337114,0.001341395,0.001660436,0.001188406,0.001700511,0.001671438,0.001394828,0.002439971,0.003063038,0.002737795,0.001944902,0.001913583,0.00207378,0.001491822,0.008044095,0.002077335,0.000976323,0.000554182,0.008024554,0.003247008,0.002230942,0.002193348,0.001251525,0.000162819,0.001834102,0.002968825,0.001559851,0.001492618,0.001005742,0.001777522,0.002340955,0.005999129,0.00452782,0.004286395,0.004207463,0.00287548,0.008971587,0.009497788,0.006740873,0.005565176,0.01270005,0.011275858,0.006133361,0.005687718,0.00717302,0.006542898,0.002753558,0.002861527,292.1930033,285.9386097,281.0452254,295.5706253,292.3393426,289.007016,296.2713314,297.55606,298.7550233,295.9317798,298.0920733,298.10324,296.8958108,298.16614,298.1502733,298.3389167,298.3071933,296.8964454,298.33422,298.19552,293.9657357,297.9216309,292.4571758,298.4490281,294.6867083,297.1931462,293.8269061,299.0633995,299.9986633,297.8481567,298.1146226,298.4735612,298.7014861,298.87435,298.9090133,298.8467333,300.8739399,297.8264941,298.8714067,299.0818133,298.6038911,293.2515853,298.8280205,298.1168708,297.63988,292.8284271,298.3807767,298.7675691,299.4315167,292.2695703,298.4378696,289.690439,297.5307219,289.9674571,297.6949654,300.2295459,296.173759
2013,-0.421333333,0.0025547,0.001148784,0.001493386,0.001277113,0.000222563,0.000679697,0.000576749,0.001053785,0.000854184,0.001093602,0.001270669,0.001085214,0.001201774,0.001117433,0.001155155,0.001382257,0.001194445,0.002571263,0.001232949,0.001139435,0.001620403,0.001378328,0.001133246,0.005118347,0.001786296,0.001054934,0.000479465,0.009769669,0.00374836,0.001760234,0.001553657,0.000991383,0.000128632,0.001170084,0.001757878,0.00141526,0.000370481,0.000870093,0.001430191,0.00234017,0.005099513,0.002557929,0.003343462,0.002068452,0.001967705,0.006786497,0.007610067,0.003818009,0.008258181,0.010206004,0.013010047,0.005599315,0.005728753,0.007728352,0.006857899,0.004134614,0.004016941,291.71576,286.1609978,281.4613177,295.893279,291.6913059,289.6289466,296.763971,297.8369967,299.0289233,296.2625973,298.3736133,298.3442033,297.1482144,298.38475,298.373,298.5652033,298.4599933,297.4751594,298.4852667,298.3647733,295.5360089,298.0873718,292.7385598,298.6704283,295.1205167,297.5898891,295.2528888,299.0886118,300.2672767,297.9939267,298.3622152,299.434004,298.8039629,299.2322767,299.3151433,299.06418,301.4348425,298.4532447,299.1017933,299.2716533,298.6223572,293.7654517,298.9500894,298.5512701,298.4959664,293.3486847,298.9107688,299.2248305,299.45326,292.6575041,298.4960286,290.2778411,298.1760647,290.4836811,297.051092,300.1869588,296.1397073
2014,-0.429666667,0.004343227,0.00110113,0.001911582,0.001612188,0.000568196,0.00090092,0.001019501,0.000802321,0.002033701,0.001259399,0.002253731,0.002320526,0.002047959,0.002292236,0.00229538,0.0022388,0.002195579,0.003527133,0.002440758,0.002269447,0.000906021,0.002404608,0.001523741,0.006070299,0.002476785,0.001552842,0.000682179,0.006211729,0.001683225,0.002789659,0.002082913,0.000462929,0.000132614,0.001659652,0.001241597,0.001717016,0.000357129,0.001072083,0.002005411,0.002179864,0.004417716,0.002674608,0.002624475,0.002203818,0.001707074,0.007092577,0.009360747,0.005726803,0.003030119,0.009251624,0.011587296,0.005123583,0.004738609,0.008831426,0.005808708,0.003466624,0.005419921,293.1028167,286.2641087,281.3939194,296.5649073,292.0067611,289.0673106,297.0881142,298.4788,299.2252067,296.528835,298.28015,298.27368,297.4680569,298.32482,298.3171667,298.5029,298.2913067,296.9390565,298.3412767,298.26721,293.7420298,297.9175212,292.5548084,298.3676088,294.7907632,297.5772282,292.2853599,299.0032023,300.1838067,297.7464833,298.0360367,296.7995509,298.7524799,298.8314367,298.8778667,298.6762767,298.7554839,298.2204087,298.69745,298.8702433,297.9495524,293.7639892,298.6901258,298.4998324,298.2436894,293.2217339,298.3901907,298.7307264,299.2875267,292.7385229,298.0936545,290.2376959,298.4674405,290.0918943,297.1669598,300.6613713,296.9141024
2015,0.559666667,0.004134198,0.001175975,0.001709337,0.000998864,0.000426522,0.001030064,0.000707165,0.001262811,0.001148082,0.002148467,0.001215662,0.001340608,0.00211475,0.001337464,0.001362609,0.001191303,0.001574782,0.002336165,0.001301316,0.001402686,0.001706934,0.001465552,0.001207949,0.004037981,0.002274053,0.001691387,0.00069835,0.008503576,0.003199858,0.002094209,0.001790081,0.000879991,5.95E-05,0.001150437,0.001208591,0.001548852,0.00067536,0.000808486,0.001317816,0.00163922,0.004517172,0.006254611,0.001916938,0.003300955,0.001883543,0.006192601,0.006330012,0.004054264,0.007249976,0.00819936,0.011890886,0.005658065,0.005269255,0.006873562,0.008125234,0.005495931,0.003097979,292.3422867,286.7862221,281.7623939,295.3155263,292.4819155,288.8737289,296.0495781,297.9245733,298.64806,296.346915,298.5881233,298.4835033,297.2605368,298.51113,298.51523,298.8032333,298.5463867,296.5108976,298.6286667,298.5134867,294.6609493,298.2683919,292.2675409,298.6311129,294.3886587,297.4853303,293.3933109,299.0739794,300.0839033,298.1108833,298.3654622,297.967775,298.6229574,299.26519,299.3703867,298.9630833,299.8361973,298.3823952,299.0624267,299.17174,298.0098301,293.6791554,299.0255185,298.796867,298.8912739,293.3777066,298.5901854,298.9351957,299.3933133,292.9697159,298.3487957,290.2797408,298.4197497,290.3891057,297.9808281,299.7617643,295.995869
2016,2.496333333,0.004493316,0.000604403,0.002364268,0.002569843,0.000600192,0.000798246,0.001536034,0.00155435,0.001521347,0.001244137,0.001218018,0.001259667,0.001368772,0.001226664,0.001270672,0.001011349,0.001357896,0.002683449,0.001299744,0.001210163,0.001738665,0.001356326,0.001310229,0.003100015,0.002266237,0.00179409,0.001047377,0.005633476,0.003275295,0.00157321,0.001557356,0.00085557,0.00010162,0.001067927,0.000512352,0.001151226,0.000433713,0.000717835,0.001171656,0.001368898,0.004084009,0.003155683,0.001562787,0.001785938,0.001192267,0.005414081,0.005171033,0.00287987,0.006104248,0.011864638,0.012429893,0.005001417,0.006436781,0.007016573,0.003644559,0.008764018,0.002605965,292.9541233,287.0237401,281.205717,296.0226616,293.0651584,289.0710693,296.7167163,298.4982,299.16821,296.808836,298.6903833,298.5552067,297.5165189,298.5998767,298.60927,298.9290133,298.5875267,297.1363242,298.6615867,298.58988,295.0990293,298.2213745,292.8267877,298.9080681,295.0805206,297.9533523,293.6648132,300.1036803,300.8714633,298.1108833,298.3732816,298.7550411,298.873146,299.1635033,299.2734167,298.996,301.3385665,298.8893541,299.03245,299.1494,298.8711568,294.5614042,298.9481842,299.4210023,299.1676763,294.3700475,298.9449887,299.3707436,300.08096,293.8630332,299.0747528,291.3991268,298.5688122,291.4582698,298.0322049,300.184838,296.8138146
2017,-0.326,0.003537762,0.00048663,0.001394332,0.001688565,9.55E-05,0.000637034,0.00057791,0.001040424,0.000938269,0.001464375,0.00137047,0.001546492,0.00141905,0.001518987,0.001542561,0.001403473,0.001502487,0.002320379,0.00162979,0.001567709,0.003500013,0.001692655,0.001384924,0.007652223,0.002072753,0.00105513,0.000880625,0.007965502,0.003048194,0.002296165,0.002046291,0.001675328,0.000354184,0.001508772,0.002170434,0.001675367,0.001708606,0.0014902,0.001718588,0.002114639,0.006599175,0.003791151,0.003003673,0.002674139,0.00235654,0.007374158,0.008818192,0.006661439,0.006910498,0.011336233,0.011341364,0.006681481,0.005603012,0.006246588,0.005803712,0.004185122,0.003978795,292.3822667,287.4622041,282.5950803,296.2817078,293.2376879,289.986582,296.9744171,297.9322133,299.1399967,296.4312466,298.5034933,298.50936,297.415567,298.5652067,298.55874,298.74035,298.584,297.6716973,298.6286867,298.53464,295.8261128,298.2654521,292.8262927,298.7601801,295.3639849,297.9083914,294.6448233,299.4598693,300.0586233,298.1373267,298.2840802,298.8377301,298.9360603,298.9595667,299.20877,299.08417,300.4551169,298.202557,299.08358,299.22346,298.455764,293.795929,298.8512476,298.4220461,297.5601736,293.2694343,298.6645237,299.0740151,299.8734933,292.9870652,298.6020834,290.4917428,298.3814932,290.9149581,297.372159,299.8239282,296.7032234
2018,-0.917,0.003114204,0.000357994,0.001564192,0.002018551,0.000801824,0.000930207,0.001544644,0.002076137,0.002260017,0.002086027,0.001633719,0.001551993,0.001878299,0.001494629,0.001514273,0.001652579,0.001606216,0.00304922,0.001884393,0.001597568,0.002069682,0.002165717,0.001448335,0.005137692,0.002709756,0.00257238,0.00082383,0.007569316,0.003140921,0.002896532,0.002565439,0.001552782,0.000134442,0.001791671,0.002250587,0.001885968,0.001128111,0.001334484,0.002204225,0.003243079,0.006810736,0.004992883,0.003515916,0.004516625,0.002074714,0.006449602,0.008581992,0.004922748,0.005486593,0.009428644,0.010484989,0.005308983,0.006117307,0.008330421,0.005368874,0.005101107,0.001962124,292.8653667,287.1079411,282.3014342,295.8982678,292.6582812,288.9104063,296.332145,297.9880333,298.7726733,296.3891074,298.3518433,298.3536033,297.2258427,298.40298,298.3965167,298.6122333,298.4047433,296.4314455,298.44236,298.3712467,294.862957,297.9674784,291.9832649,298.5333302,294.1549254,297.6886583,293.7511812,299.2171138,300.1144767,297.91516,298.0838988,298.2314477,298.772594,298.8061767,299.1670267,298.8308533,300.0300187,298.0440653,298.85554,298.95016,298.7212501,293.3527726,298.4363638,298.1595381,298.0574861,293.2983102,298.2611191,298.8843231,299.6148867,292.7221364,298.4835052,289.9715515,297.8463401,290.4200901,297.4887681,299.508034,296.5569451
2019,0.759666667,0.004709418,0.001443151,0.002254476,0.001449633,0.000844674,0.00065772,0.001007454,0.000860473,0.001380684,0.001015304,0.000950056,0.001043568,0.001192235,0.001043568,0.000997203,0.000901336,0.001131577,0.001660615,0.001132367,0.001042783,0.002414866,0.001335892,0.000903917,0.00284293,0.001539362,0.001251583,0.000792502,0.005624688,0.001904828,0.001511917,0.001282063,0.001196727,9.60E-05,0.001080501,0.000589363,0.00087933,0.000574097,0.000696484,0.001007418,0.000846329,0.003532563,0.001303945,0.000948218,0.000962621,0.000676891,0.005001573,0.004653592,0.002544374,0.004757352,0.011745818,0.010465973,0.006082728,0.005399435,0.007249118,0.004492061,0.003350609,0.003971549,292.3099633,286.5893734,281.0327956,296.3517242,292.9680195,289.3974254,297.0661984,298.3847667,299.1411767,296.6690816,298.32776,298.26957,296.9825739,298.31423,298.30719,298.52875,298.2772133,297.2530133,298.2972,298.2372333,296.4455974,297.8605143,292.8344145,298.4925998,295.1223443,298.0190532,295.7814601,299.8943123,300.32311,297.74648,297.9639505,299.8301159,298.9003406,298.5939933,298.8331967,298.6192767,301.8523661,298.4102621,298.6751067,298.9219567,298.4861514,293.9583294,298.6782307,298.6278497,297.6404611,293.7177211,298.5396959,298.9827567,300.1826533,293.1219522,298.8432734,290.7298854,298.4582283,290.7470563,297.5073201,300.2914673,295.6235265